000001.XSHE,52266.97
000002.XSHE,61715.81
000004.XSHE,181.69
000005.XSHE,329.65
000006.XSHE,1925.82
000007.XSHE,181.69
000008.XSHE,633.57
000009.XSHE,2966.57
000010.XSHE,387.17
000011.XSHE,1453.7
000012.XSHE,5228.32
000014.XSHE,371.41
000016.XSHE,12314.15
000017.XSHE,181.69
000018.XSHE,2977.13
000019.XSHE,287.92
000020.XSHE,489.88
000021.XSHE,7421.85
000022.XSHE,1023.75
000023.XSHE,583.74
000025.XSHE,211.9
000026.XSHE,1737.37
000027.XSHE,6317.01
000028.XSHE,20824.64
000029.XSHE,829.51
000030.XSHE,3420.72
000031.XSHE,5014.97
000032.XSHE,793.9
000034.XSHE,27775.85
000035.XSHE,615.91
000036.XSHE,2958.72
000037.XSHE,865.1
000038.XSHE,916.46
000039.XSHE,34303.8
000040.XSHE,3313.67
000042.XSHE,3415.14
000043.XSHE,2678.03
000045.XSHE,793.9
000046.XSHE,2413.88
000048.XSHE,710.52
000049.XSHE,5009.39
000050.XSHE,6317.01
000055.XSHE,1654.19
000056.XSHE,381.01
000058.XSHE,647.9
000059.XSHE,15791.9
000060.XSHE,10419.49
000061.XSHE,1228.82
000062.XSHE,3267.97
000063.XSHE,63680.09
000065.XSHE,5243.09
000066.XSHE,5014.97
000068.XSHE,205.54
000069.XSHE,14374.55
000070.XSHE,2729.39
000078.XSHE,9356.7
000088.XSHE,279.01
000089.XSHE,1654.19
000090.XSHE,3273.55
000096.XSHE,635.1
000099.XSHE,628.27
000100.XSHE,60418.92
000150.XSHE,1023.75
000151.XSHE,982.48
000153.XSHE,1228.82
000155.XSHE,2336.29
000156.XSHE,1654.19
000157.XSHE,14802.51
000158.XSHE,4968.13
000159.XSHE,306.77
000166.XSHE,7155.16
000301.XSHE,650.85
000333.XSHE,121899.61
000338.XSHE,82184.81
000400.XSHE,3313.67
000401.XSHE,7162.19
000402.XSHE,10506.82
000403.XSHE,350.53
000404.XSHE,5009.39
000407.XSHE,1709.66
000408.XSHE,1156.23
000409.XSHE,972.39
000410.XSHE,2345.43
000411.XSHE,9344.12
000413.XSHE,5014.97
000415.XSHE,20346.96
000416.XSHE,181.69
000417.XSHE,5787.45
000418.XSHE,10784.23
000419.XSHE,2209.98
000420.XSHE,966.73
000421.XSHE,1852.9
000422.XSHE,6296.08
000423.XSHE,2982.71
000425.XSHE,14214.88
000426.XSHE,896.62
000428.XSHE,539.24
000429.XSHE,1659.77
000430.XSHE,329.65
000488.XSHE,14461.0
000498.XSHE,4274.32
000501.XSHE,9362.28
000502.XSHE,205.54
000503.XSHE,272.93
000504.XSHE,181.69
000505.XSHE,505.63
000506.XSHE,474.75
000507.XSHE,916.46
000509.XSHE,778.15
000510.XSHE,865.1
000511.XSHE,583.74
000513.XSHE,4279.9
000514.XSHE,612.52
000516.XSHE,2220.54
000517.XSHE,4033.81
000518.XSHE,329.65
000519.XSHE,1686.01
000520.XSHE,505.63
000521.XSHE,8682.12
000523.XSHE,5736.08
000524.XSHE,2966.57
000525.XSHE,2734.97
000526.XSHE,1737.37
000528.XSHE,5787.45
000529.XSHE,1114.96
000530.XSHE,1023.75
000531.XSHE,1737.37
000532.XSHE,279.29
000533.XSHE,2316.03
000534.XSHE,279.29
000536.XSHE,2209.59
000537.XSHE,1690.8
000538.XSHE,12713.89
000539.XSHE,13600.8
000540.XSHE,10506.82
000541.XSHE,2220.54
000543.XSHE,5832.82
000544.XSHE,487.26
000545.XSHE,916.46
000546.XSHE,1013.19
000547.XSHE,916.46
000548.XSHE,916.46
000550.XSHE,15723.19
000551.XSHE,1420.41
000552.XSHE,1925.82
000553.XSHE,1654.19
000554.XSHE,1464.19
000555.XSHE,3993.48
000557.XSHE,334.44
000558.XSHE,972.39
000559.XSHE,5793.03
000560.XSHE,637.8
000561.XSHE,505.63
000563.XSHE,619.72
000564.XSHE,10419.49
000565.XSHE,2682.82
000566.XSHE,845.26
000567.XSHE,186.48
000568.XSHE,5473.2
000570.XSHE,1396.75
000571.XSHE,544.03
000572.XSHE,5191.72
000573.XSHE,372.38
000576.XSHE,489.88
000581.XSHE,5314.47
000582.XSHE,1654.19
000584.XSHE,633.57
000585.XSHE,181.69
000586.XSHE,313.9
000587.XSHE,4279.9
000589.XSHE,3262.3
000590.XSHE,227.65
000591.XSHE,2344.19
000592.XSHE,490.84
000593.XSHE,313.9
000595.XSHE,313.9
000596.XSHE,3999.06
000597.XSHE,2930.56
000598.XSHE,1803.01
000599.XSHE,2203.26
000600.XSHE,5228.32
000601.XSHE,1925.82
000603.XSHE,263.26
000605.XSHE,720.62
000606.XSHE,355.62
000607.XSHE,798.69
000608.XSHE,490.84
000609.XSHE,381.01
000610.XSHE,371.41
000611.XSHE,181.69
000612.XSHE,2357.81
000613.XSHE,181.69
000615.XSHE,710.52
000616.XSHE,186.48
000617.XSHE,951.94
000619.XSHE,1686.01
000620.XSHE,2362.6
000622.XSHE,181.69
000623.XSHE,1280.97
000625.XSHE,34100.57
000626.XSHE,48285.21
000627.XSHE,3284.0
000628.XSHE,387.5
000629.XSHE,4279.9
000630.XSHE,38869.39
000631.XSHE,3297.91
000632.XSHE,2193.17
000633.XSHE,181.69
000635.XSHE,988.81
000636.XSHE,1737.37
000637.XSHE,2321.34
000638.XSHE,181.69
000639.XSHE,2977.13
000650.XSHE,1925.82
000651.XSHE,67917.04
000652.XSHE,7513.51
000655.XSHE,609.59
000656.XSHE,10784.23
000657.XSHE,3285.95
000659.XSHE,865.1
000661.XSHE,1659.77
000662.XSHE,469.4
000663.XSHE,599.49
000665.XSHE,1275.39
000666.XSHE,2918.86
000667.XSHE,1925.82
000668.XSHE,181.69
000669.XSHE,1737.37
000670.XSHE,295.05
000671.XSHE,8198.26
000672.XSHE,1925.82
000673.XSHE,428.14
000676.XSHE,2729.39
000677.XSHE,339.87
000678.XSHE,845.25
000679.XSHE,1224.03
000680.XSHE,3952.21
000681.XSHE,469.4
000682.XSHE,1114.96
000683.XSHE,5793.03
000685.XSHE,850.84
000686.XSHE,2169.28
000687.XSHE,720.62
000688.XSHE,674.3
000690.XSHE,1531.3
000691.XSHE,181.69
000692.XSHE,972.39
000693.XSHE,475.09
000695.XSHE,489.88
000697.XSHE,322.52
000698.XSHE,6311.43
000700.XSHE,1870.06
000701.XSHE,25067.93
000702.XSHE,637.8
000703.XSHE,28074.65
000705.XSHE,1228.82
000707.XSHE,2193.17
000708.XSHE,5222.74
000709.XSHE,56011.25
000710.XSHE,204.77
000711.XSHE,590.6
000712.XSHE,518.99
000713.XSHE,710.52
000715.XSHE,1228.82
000716.XSHE,972.39
000717.XSHE,12371.09
000718.XSHE,1880.61
000719.XSHE,3993.48
000720.XSHE,1224.03
000721.XSHE,313.9
000722.XSHE,221.19
000723.XSHE,6317.01
000725.XSHE,47658.75
000726.XSHE,2982.71
000727.XSHE,3005.66
000728.XSHE,1375.01
000729.XSHE,6317.01
000731.XSHE,1654.19
000732.XSHE,9447.76
000733.XSHE,5009.39
000735.XSHE,916.46
000736.XSHE,490.84
000737.XSHE,972.39
000738.XSHE,1275.39
000739.XSHE,2977.13
000750.XSHE,1570.63
000750.XSHE,181.69
000751.XSHE,3303.11
000752.XSHE,211.9
000753.XSHE,1396.75
000755.XSHE,1341.41
000756.XSHE,2729.39
000757.XSHE,371.71
000758.XSHE,10413.92
000759.XSHE,8192.68
000760.XSHE,2027.2
000761.XSHE,21616.76
000762.XSHE,329.65
000766.XSHE,674.84
000767.XSHE,4482.07
000768.XSHE,10765.09
000776.XSHE,7445.43
000776.XSHE,181.69
000777.XSHE,490.84
000778.XSHE,26569.65
000779.XSHE,204.77
000780.XSHE,1275.39
000782.XSHE,1829.25
000783.XSHE,3505.31
000785.XSHE,2179.27
000786.XSHE,5014.97
000788.XSHE,1104.87
000789.XSHE,2977.13
000790.XSHE,313.9
000791.XSHE,778.15
000792.XSHE,5225.91
000793.XSHE,1659.77
000795.XSHE,875.2
000796.XSHE,3415.14
000797.XSHE,982.48
000798.XSHE,489.88
000799.XSHE,412.51
000800.XSHE,13740.51
000801.XSHE,1686.01
000802.XSHE,232.44
000803.XSHE,181.69
000806.XSHE,623.48
000807.XSHE,10413.92
000809.XSHE,181.69
000810.XSHE,3373.87
000811.XSHE,1737.37
000812.XSHE,403.26
000813.XSHE,783.06
000815.XSHE,490.84
000816.XSHE,865.1
000818.XSHE,1696.1
000819.XSHE,623.48
000820.XSHE,445.5
000821.XSHE,740.5
000822.XSHE,2344.19
000823.XSHE,2220.54
000825.XSHE,32007.4
000826.XSHE,4027.47
000828.XSHE,689.99
000829.XSHE,18892.85
000830.XSHE,7461.94
000831.XSHE,313.9
000833.XSHE,869.89
000835.XSHE,204.77
000836.XSHE,982.48
000837.XSHE,1686.01
000838.XSHE,489.88
000839.XSHE,2362.6
000848.XSHE,1140.48
000850.XSHE,1104.87
000851.XSHE,3946.91
000852.XSHE,1479.94
000856.XSHE,865.1
000858.XSHE,15766.38
000859.XSHE,599.49
000860.XSHE,7213.56
000861.XSHE,996.04
000862.XSHE,523.49
000863.XSHE,902.91
000868.XSHE,2678.03
000869.XSHE,2958.72
000875.XSHE,2672.37
000876.XSHE,31582.73
000877.XSHE,2682.82
000878.XSHE,31002.94
000880.XSHE,972.39
000881.XSHE,2977.13
000882.XSHE,544.03
000883.XSHE,6542.08
000885.XSHE,2220.54
000886.XSHE,407.32
000887.XSHE,5793.03
000888.XSHE,609.59
000889.XSHE,916.46
000890.XSHE,1228.82
000892.XSHE,371.41
000893.XSHE,710.52
000895.XSHE,25682.61
000897.XSHE,181.69
000898.XSHE,39514.34
000899.XSHE,1140.48
000900.XSHE,5014.97
000901.XSHE,2942.19
000902.XSHE,5248.67
000903.XSHE,2977.13
000905.XSHE,6283.72
000906.XSHE,23375.79
000908.XSHE,996.04
000909.XSHE,961.43
000910.XSHE,2977.13
000911.XSHE,1595.73
000912.XSHE,1898.45
000913.XSHE,1234.12
000915.XSHE,916.46
000917.XSHE,3993.48
000918.XSHE,709.16
000919.XSHE,1880.61
000920.XSHE,609.59
000921.XSHE,19073.39
000922.XSHE,710.52
000923.XSHE,204.77
000925.XSHE,539.24
000926.XSHE,5793.03
000927.XSHE,755.18
000928.XSHE,3993.48
000929.XSHE,387.5
000930.XSHE,3022.83
000931.XSHE,637.8
000932.XSHE,33999.8
000933.XSHE,9362.28
000935.XSHE,1234.12
000936.XSHE,1726.81
000937.XSHE,10784.23
000938.XSHE,17746.63
000939.XSHE,2357.81
000948.XSHE,845.25
000949.XSHE,1884.55
000950.XSHE,1686.01
000951.XSHE,20355.84
000952.XSHE,381.8
000953.XSHE,313.9
000955.XSHE,371.41
000957.XSHE,2321.34
000958.XSHE,1385.79
000959.XSHE,28378.65
000960.XSHE,19967.7
000961.XSHE,13606.37
000962.XSHE,539.24
000963.XSHE,14240.39
000965.XSHE,547.51
000966.XSHE,2678.03
000967.XSHE,2220.54
000968.XSHE,896.62
000969.XSHE,2316.03
000970.XSHE,1903.72
000971.XSHE,458.85
000972.XSHE,313.9
000973.XSHE,1234.12
000975.XSHE,437.86
000976.XSHE,845.26
000977.XSHE,9371.83
000978.XSHE,329.65
000979.XSHE,2316.03
000980.XSHE,6311.43
000981.XSHE,3999.06
000982.XSHE,906.07
000983.XSHE,14240.39
000985.XSHE,793.9
000987.XSHE,1606.57
000988.XSHE,2220.54
000989.XSHE,1931.4
000990.XSHE,2982.71
000993.XSHE,609.59
000995.XSHE,181.69
000996.XSHE,181.69
000997.XSHE,2734.97
000998.XSHE,1198.64
000999.XSHE,5248.67
001696.XSHE,2729.39
001896.XSHE,3262.3
001979.XSHE,20683.59
002001.XSHE,2734.97
002002.XSHE,3273.55
002003.XSHE,1275.39
002004.XSHE,4279.9
002005.XSHE,1898.45
002006.XSHE,505.63
002007.XSHE,1161.81
002008.XSHE,5793.03
002009.XSHE,1114.96
002010.XSHE,6311.43
002011.XSHE,3980.63
002012.XSHE,539.24
002013.XSHE,4063.95
002014.XSHE,1013.19
002015.XSHE,196.26
002016.XSHE,329.65
002017.XSHE,623.48
002018.XSHE,9356.7
002019.XSHE,1848.21
002020.XSHE,1023.75
002021.XSHE,505.63
002022.XSHE,845.26
002023.XSHE,329.65
002024.XSHE,70968.89
002025.XSHE,1448.12
002026.XSHE,751.33
002027.XSHE,6602.91
002028.XSHE,1925.82
002029.XSHE,1448.12
002030.XSHE,804.0
002031.XSHE,549.33
002032.XSHE,7219.14
002033.XSHE,397.1
002034.XSHE,387.5
002035.XSHE,2977.13
002036.XSHE,2352.05
002037.XSHE,2173.97
002038.XSHE,445.5
002039.XSHE,839.6
002040.XSHE,381.8
002041.XSHE,590.6
002042.XSHE,5793.03
002043.XSHE,1925.82
002044.XSHE,1690.8
002045.XSHE,1690.8
002046.XSHE,329.65
002047.XSHE,3415.14
002048.XSHE,7317.16
002049.XSHE,896.62
002050.XSHE,4279.9
002051.XSHE,3999.06
002052.XSHE,505.63
002053.XSHE,845.26
002054.XSHE,1484.73
002055.XSHE,2715.84
002056.XSHE,2977.13
002057.XSHE,633.57
002058.XSHE,181.69
002059.XSHE,599.49
002060.XSHE,2981.56
002061.XSHE,2362.6
002062.XSHE,3993.48
002063.XSHE,615.91
002064.XSHE,1925.82
002065.XSHE,2734.97
002066.XSHE,972.39
002067.XSHE,2729.39
002068.XSHE,3267.97
002069.XSHE,1690.8
002070.XSHE,505.63
002071.XSHE,294.43
002072.XSHE,181.69
002073.XSHE,1229.33
002074.XSHE,2734.97
002075.XSHE,6317.01
002076.XSHE,539.24
002077.XSHE,710.52
002078.XSHE,8773.18
002079.XSHE,875.2
002080.XSHE,5014.97
002081.XSHE,9786.92
002082.XSHE,6361.59
002083.XSHE,2729.39
002084.XSHE,977.18
002085.XSHE,5228.32
002086.XSHE,453.65
002087.XSHE,2729.39
002088.XSHE,720.62
002089.XSHE,647.9
002090.XSHE,1264.83
002091.XSHE,17506.28
002092.XSHE,17746.63
002093.XSHE,751.33
002094.XSHE,2220.54
002095.XSHE,270.78
002096.XSHE,1686.01
002097.XSHE,1893.16
002098.XSHE,804.0
002099.XSHE,1275.39
002100.XSHE,2362.6
002101.XSHE,2244.53
002102.XSHE,4011.34
002103.XSHE,1114.96
002104.XSHE,761.89
002105.XSHE,977.18
002106.XSHE,1696.1
002107.XSHE,360.75
002108.XSHE,1654.19
002109.XSHE,1023.75
002110.XSHE,10367.9
002111.XSHE,845.26
002112.XSHE,313.9
002113.XSHE,205.54
002114.XSHE,539.24
002115.XSHE,539.24
002116.XSHE,1925.82
002117.XSHE,845.26
002118.XSHE,503.01
002119.XSHE,642.59
002120.XSHE,4279.9
002121.XSHE,1737.37
002122.XSHE,1224.03
002123.XSHE,1275.39
002124.XSHE,1448.12
002125.XSHE,387.5
002126.XSHE,2220.54
002127.XSHE,254.75
002128.XSHE,4023.83
002129.XSHE,4274.32
002130.XSHE,1157.37
002131.XSHE,5009.39
002132.XSHE,1426.73
002133.XSHE,2177.08
002134.XSHE,313.9
002135.XSHE,3278.72
002136.XSHE,648.53
002137.XSHE,422.83
002138.XSHE,896.62
002139.XSHE,1275.39
002140.XSHE,881.52
002141.XSHE,599.49
002142.XSHE,12519.59
002143.XSHE,829.51
002144.XSHE,339.74
002145.XSHE,1737.37
002146.XSHE,14094.15
002147.XSHE,977.18
002148.XSHE,370.45
002149.XSHE,710.52
002150.XSHE,647.9
002151.XSHE,869.89
002152.XSHE,1742.95
002153.XSHE,1275.39
002154.XSHE,1224.03
002155.XSHE,5009.39
002156.XSHE,3022.83
002157.XSHE,9356.7
002158.XSHE,664.28
002159.XSHE,329.65
002160.XSHE,1884.55
002161.XSHE,329.65
002162.XSHE,505.63
002163.XSHE,1874.46
002164.XSHE,387.5
002165.XSHE,1228.82
002166.XSHE,418.71
002167.XSHE,387.5
002168.XSHE,322.52
002169.XSHE,667.78
002170.XSHE,865.1
002171.XSHE,5222.74
002172.XSHE,2729.39
002173.XSHE,428.14
002174.XSHE,1886.19
002175.XSHE,360.92
002176.XSHE,1114.96
002177.XSHE,355.62
002178.XSHE,623.48
002179.XSHE,2982.71
002180.XSHE,15452.55
002181.XSHE,505.63
002182.XSHE,2729.39
002183.XSHE,31611.11
002184.XSHE,865.1
002185.XSHE,3415.14
002186.XSHE,905.91
002187.XSHE,3415.14
002188.XSHE,403.26
002189.XSHE,539.24
002190.XSHE,623.48
002191.XSHE,1659.77
002192.XSHE,181.69
002193.XSHE,583.74
002194.XSHE,4957.12
002195.XSHE,1161.81
002196.XSHE,609.59
002197.XSHE,793.9
002198.XSHE,270.78
002199.XSHE,196.26
002200.XSHE,490.84
002201.XSHE,505.63
002202.XSHE,10367.9
002203.XSHE,12457.55
002204.XSHE,2316.03
002205.XSHE,339.87
002206.XSHE,1654.19
002207.XSHE,186.48
002208.XSHE,1136.31
002209.XSHE,505.63
002210.XSHE,38818.0
002211.XSHE,489.88
002212.XSHE,1874.46
002213.XSHE,181.69
002214.XSHE,212.01
002215.XSHE,1737.37
002216.XSHE,2942.19
002217.XSHE,6317.01
002218.XSHE,916.46
002219.XSHE,1275.39
002220.XSHE,673.41
002221.XSHE,14000.04
002222.XSHE,229.23
002223.XSHE,1931.4
002224.XSHE,469.4
002225.XSHE,1234.12
002226.XSHE,734.17
002227.XSHE,212.01
002228.XSHE,2708.01
002229.XSHE,387.17
002230.XSHE,2244.53
002231.XSHE,263.65
002232.XSHE,623.48
002233.XSHE,2220.54
002234.XSHE,539.24
002235.XSHE,334.44
002236.XSHE,7655.93
002237.XSHE,10778.65
002238.XSHE,896.62
002239.XSHE,2781.43
002240.XSHE,865.1
002241.XSHE,10419.49
002242.XSHE,3420.72
002243.XSHE,628.27
002244.XSHE,5453.39
002245.XSHE,1654.19
002246.XSHE,637.8
002247.XSHE,1275.39
002248.XSHE,1326.56
002249.XSHE,4021.89
002250.XSHE,1925.82
002251.XSHE,8682.12
002252.XSHE,922.04
002253.XSHE,181.69
002254.XSHE,875.2
002255.XSHE,549.33
002256.XSHE,323.99
002258.XSHE,1275.39
002259.XSHE,612.52
002260.XSHE,490.84
002261.XSHE,674.84
002262.XSHE,1880.61
002263.XSHE,523.49
002264.XSHE,3368.57
002265.XSHE,539.24
002266.XSHE,609.59
002267.XSHE,4063.95
002268.XSHE,623.48
002269.XSHE,2971.46
002270.XSHE,845.26
002271.XSHE,4279.9
002272.XSHE,403.26
002273.XSHE,1023.75
002274.XSHE,2734.86
002275.XSHE,845.26
002276.XSHE,3272.4
002277.XSHE,3993.48
002278.XSHE,329.65
002279.XSHE,647.9
002280.XSHE,3946.91
002281.XSHE,2729.39
002282.XSHE,318.69
002283.XSHE,1448.12
002284.XSHE,2179.27
002285.XSHE,3415.14
002286.XSHE,834.29
002287.XSHE,471.47
002288.XSHE,637.8
002289.XSHE,339.87
002290.XSHE,715.32
002291.XSHE,845.25
002292.XSHE,1925.82
002293.XSHE,2220.54
002294.XSHE,2142.93
002295.XSHE,2667.07
002296.XSHE,329.65
002297.XSHE,313.9
002298.XSHE,834.71
002299.XSHE,4222.96
002300.XSHE,1834.04
002301.XSHE,1437.56
002302.XSHE,6260.07
002303.XSHE,1275.39
002304.XSHE,12886.47
002305.XSHE,778.15
002306.XSHE,181.69
002307.XSHE,2678.03
002308.XSHE,590.6
002309.XSHE,8640.85
002310.XSHE,5228.32
002311.XSHE,14214.88
002312.XSHE,505.63
002313.XSHE,1104.87
002314.XSHE,2344.19
002315.XSHE,637.8
002316.XSHE,329.65
002317.XSHE,1023.75
002318.XSHE,1612.92
002319.XSHE,329.65
002320.XSHE,587.25
002321.XSHE,1686.01
002322.XSHE,397.1
002323.XSHE,689.16
002324.XSHE,1737.37
002325.XSHE,2220.54
002326.XSHE,1275.39
002327.XSHE,1023.75
002328.XSHE,1898.11
002329.XSHE,1023.75
002330.XSHE,778.15
002331.XSHE,544.03
002332.XSHE,1437.56
002333.XSHE,523.49
002334.XSHE,916.46
002335.XSHE,916.46
002336.XSHE,5171.38
002337.XSHE,329.65
002338.XSHE,219.14
002339.XSHE,505.63
002340.XSHE,4274.32
002341.XSHE,988.81
002342.XSHE,778.15
002343.XSHE,359.97
002344.XSHE,1023.75
002345.XSHE,1737.37
002346.XSHE,216.8
002347.XSHE,313.9
002348.XSHE,355.62
002349.XSHE,689.16
002350.XSHE,972.39
002351.XSHE,434.46
002352.XSHE,35818.8
002353.XSHE,1396.75
002354.XSHE,1659.77
002355.XSHE,875.2
002356.XSHE,1448.12
002357.XSHE,633.57
002358.XSHE,1654.19
002359.XSHE,715.32
002360.XSHE,334.44
002361.XSHE,855.35
002362.XSHE,329.65
002363.XSHE,977.18
002364.XSHE,413.35
002365.XSHE,418.71
002366.XSHE,1161.81
002367.XSHE,1737.37
002368.XSHE,2678.03
002369.XSHE,1479.94
002370.XSHE,590.6
002371.XSHE,1114.96
002372.XSHE,1654.19
002373.XSHE,1023.75
002374.XSHE,855.35
002375.XSHE,4063.95
002376.XSHE,896.62
002377.XSHE,313.9
002378.XSHE,972.39
002379.XSHE,778.15
002380.XSHE,339.74
002381.XSHE,609.59
002382.XSHE,845.26
002383.XSHE,643.1
002384.XSHE,6311.43
002385.XSHE,8687.7
002386.XSHE,6260.07
002387.XSHE,205.54
002388.XSHE,495.18
002389.XSHE,720.62
002390.XSHE,2977.13
002391.XSHE,1156.23
002392.XSHE,1145.67
002393.XSHE,640.3
002394.XSHE,2220.54
002395.XSHE,637.8
002396.XSHE,2701.68
002397.XSHE,875.23
002398.XSHE,905.91
002399.XSHE,1104.87
002400.XSHE,5009.39
002401.XSHE,360.75
002402.XSHE,1023.75
002403.XSHE,1737.37
002404.XSHE,1406.85
002405.XSHE,916.46
002406.XSHE,845.26
002407.XSHE,1737.37
002408.XSHE,5222.74
002409.XSHE,604.28
002410.XSHE,1023.75
002411.XSHE,1886.19
002412.XSHE,428.14
002413.XSHE,339.74
002414.XSHE,376.5
002415.XSHE,17890.2
002416.XSHE,25139.3
002417.XSHE,205.54
002418.XSHE,1715.99
002419.XSHE,9362.28
002420.XSHE,2730.07
002421.XSHE,1275.39
002422.XSHE,5222.74
002423.XSHE,539.24
002424.XSHE,1275.39
002425.XSHE,381.01
002426.XSHE,7564.87
002427.XSHE,2220.54
002428.XSHE,286.53
002429.XSHE,3993.48
002430.XSHE,2977.13
002431.XSHE,2233.97
002432.XSHE,490.84
002433.XSHE,1737.37
002434.XSHE,2787.01
002435.XSHE,1275.39
002436.XSHE,1737.37
002437.XSHE,1275.39
002438.XSHE,371.71
002439.XSHE,710.52
002440.XSHE,2982.71
002441.XSHE,3415.14
002442.XSHE,1228.82
002443.XSHE,1690.8
002444.XSHE,1737.37
002445.XSHE,689.16
002446.XSHE,590.6
002447.XSHE,206.35
002448.XSHE,845.26
002449.XSHE,1737.37
002450.XSHE,6403.16
002451.XSHE,270.78
002452.XSHE,804.0
002453.XSHE,710.52
002454.XSHE,1903.72
002455.XSHE,1114.96
002456.XSHE,15723.19
002457.XSHE,490.84
002458.XSHE,474.75
002459.XSHE,196.26
002460.XSHE,1659.77
002461.XSHE,1915.26
002462.XSHE,7213.56
002463.XSHE,2362.6
002464.XSHE,244.19
002465.XSHE,1737.37
002466.XSHE,2713.95
002467.XSHE,510.42
002468.XSHE,5793.03
002469.XSHE,407.08
002470.XSHE,13605.4
002471.XSHE,2981.56
002472.XSHE,1275.39
002473.XSHE,181.69
002474.XSHE,355.62
002475.XSHE,8687.7
002476.XSHE,329.65
002477.XSHE,2734.97
002478.XSHE,1696.1
002479.XSHE,1880.61
002480.XSHE,490.84
002481.XSHE,834.29
002482.XSHE,5243.09
002483.XSHE,888.75
002484.XSHE,845.26
002485.XSHE,475.09
002486.XSHE,505.63
002487.XSHE,387.5
002488.XSHE,1479.94
002489.XSHE,2781.43
002490.XSHE,1307.21
002491.XSHE,2220.54
002492.XSHE,201.05
002493.XSHE,34068.51
002494.XSHE,313.9
002495.XSHE,196.26
002496.XSHE,6311.43
002497.XSHE,1156.23
002498.XSHE,2362.6
002499.XSHE,798.69
002500.XSHE,2221.0
002501.XSHE,1638.44
002502.XSHE,411.89
002503.XSHE,7219.14
002504.XSHE,1264.83
002505.XSHE,8630.76
002506.XSHE,6264.86
002507.XSHE,880.86
002508.XSHE,3273.55
002509.XSHE,1654.19
002510.XSHE,895.08
002511.XSHE,2220.54
002512.XSHE,1479.94
002513.XSHE,875.2
002514.XSHE,334.44
002515.XSHE,329.65
002516.XSHE,1198.64
002517.XSHE,1453.7
002518.XSHE,1156.23
002519.XSHE,845.26
002520.XSHE,544.03
002521.XSHE,1737.37
002522.XSHE,360.41
002523.XSHE,544.03
002524.XSHE,329.65
002525.XSHE,196.26
002526.XSHE,539.24
002527.XSHE,1737.37
002528.XSHE,1224.03
002529.XSHE,270.78
002530.XSHE,412.51
002531.XSHE,1275.39
002532.XSHE,845.26
002533.XSHE,1696.1
002534.XSHE,1925.82
002535.XSHE,710.52
002536.XSHE,1275.39
002537.XSHE,1880.61
002538.XSHE,1156.23
002539.XSHE,3958.54
002540.XSHE,1737.37
002541.XSHE,1925.82
002542.XSHE,1023.75
002543.XSHE,3267.97
002544.XSHE,1479.94
002545.XSHE,881.52
002546.XSHE,339.74
002547.XSHE,1696.1
002548.XSHE,1709.66
002549.XSHE,286.53
002550.XSHE,563.27
002551.XSHE,1156.23
002552.XSHE,196.26
002553.XSHE,208.18
002554.XSHE,875.2
002555.XSHE,3273.55
002556.XSHE,7421.85
002557.XSHE,1737.37
002558.XSHE,1659.77
002559.XSHE,720.62
002560.XSHE,778.15
002561.XSHE,1156.23
002562.XSHE,761.89
002563.XSHE,5014.97
002564.XSHE,7311.58
002565.XSHE,869.89
002566.XSHE,544.03
002567.XSHE,7213.56
002568.XSHE,640.3
002569.XSHE,263.65
002570.XSHE,1514.13
002571.XSHE,505.63
002572.XSHE,2729.39
002573.XSHE,1654.19
002574.XSHE,1868.8
002575.XSHE,181.69
002576.XSHE,599.49
002577.XSHE,339.87
002578.XSHE,583.74
002579.XSHE,539.24
002580.XSHE,793.9
002581.XSHE,650.85
002582.XSHE,1890.88
002583.XSHE,1874.46
002584.XSHE,1690.8
002585.XSHE,1448.12
002586.XSHE,977.18
002587.XSHE,549.33
002588.XSHE,2977.13
002589.XSHE,10784.23
002590.XSHE,1240.45
002591.XSHE,205.54
002592.XSHE,530.68
002593.XSHE,854.14
002594.XSHE,47570.1
002595.XSHE,1659.77
002596.XSHE,1234.12
002597.XSHE,2344.19
002598.XSHE,360.41
002599.XSHE,599.49
002600.XSHE,7564.87
002601.XSHE,5453.39
002602.XSHE,1742.95
002603.XSHE,2338.61
002604.XSHE,647.9
002605.XSHE,318.69
002606.XSHE,408.05
002607.XSHE,2930.56
002608.XSHE,8859.34
002609.XSHE,339.74
002610.XSHE,2321.34
002611.XSHE,1156.23
002612.XSHE,1109.66
002613.XSHE,505.63
002614.XSHE,1880.61
002615.XSHE,810.32
002616.XSHE,982.48
002617.XSHE,1654.19
002618.XSHE,196.26
002619.XSHE,381.01
002620.XSHE,1426.73
002621.XSHE,181.69
002622.XSHE,181.69
002623.XSHE,865.1
002624.XSHE,3999.06
002625.XSHE,213.48
002626.XSHE,1023.75
002627.XSHE,977.18
002628.XSHE,710.52
002629.XSHE,1686.01
002630.XSHE,2233.97
002631.XSHE,845.26
002632.XSHE,381.8
002633.XSHE,181.69
002634.XSHE,270.78
002635.XSHE,916.46
002636.XSHE,1737.37
002637.XSHE,3262.3
002638.XSHE,905.91
002639.XSHE,505.63
002640.XSHE,5787.45
002641.XSHE,2179.27
002642.XSHE,599.49
002643.XSHE,1275.39
002644.XSHE,318.69
002645.XSHE,642.59
002646.XSHE,761.89
002647.XSHE,329.65
002648.XSHE,4069.53
002649.XSHE,1145.67
002650.XSHE,1023.75
002651.XSHE,323.99
002652.XSHE,1247.68
002653.XSHE,916.46
002654.XSHE,1426.73
002655.XSHE,403.26
002656.XSHE,590.6
002657.XSHE,674.84
002658.XSHE,428.14
002659.XSHE,355.62
002660.XSHE,845.25
002661.XSHE,1121.29
002662.XSHE,2781.43
002663.XSHE,1737.37
002664.XSHE,1198.64
002665.XSHE,896.62
002666.XSHE,1234.12
002667.XSHE,181.69
002668.XSHE,3415.14
002669.XSHE,318.69
002670.XSHE,689.16
002671.XSHE,355.62
002672.XSHE,1654.19
002673.XSHE,1299.27
002673.XSHE,469.4
002674.XSHE,972.39
002675.XSHE,823.88
002676.XSHE,865.1
002677.XSHE,423.07
002678.XSHE,916.46
002679.XSHE,181.69
002680.XSHE,601.58
002681.XSHE,1023.75
002682.XSHE,1696.1
002683.XSHE,1726.81
002684.XSHE,1686.01
002685.XSHE,1879.25
002686.XSHE,661.45
002687.XSHE,376.5
002688.XSHE,751.33
002689.XSHE,642.59
002690.XSHE,503.01
002691.XSHE,196.26
002692.XSHE,1228.82
002693.XSHE,205.54
002694.XSHE,845.25
002695.XSHE,834.71
002696.XSHE,865.1
002697.XSHE,3415.14
002698.XSHE,360.41
002699.XSHE,423.07
002700.XSHE,208.18
002701.XSHE,3420.72
002702.XSHE,490.84
002703.XSHE,604.28
002705.XSHE,3993.48
002706.XSHE,845.26
002707.XSHE,5243.09
002708.XSHE,793.9
002709.XSHE,1023.75
002711.XSHE,2977.13
002712.XSHE,1925.82
002713.XSHE,1690.8
002714.XSHE,4279.9
002715.XSHE,270.78
002716.XSHE,5009.39
002717.XSHE,1880.61
002718.XSHE,339.74
002719.XSHE,313.9
002720.XSHE,746.13
002721.XSHE,6270.16
002722.XSHE,982.48
002723.XSHE,607.72
002724.XSHE,505.63
002725.XSHE,387.5
002726.XSHE,2977.13
002727.XSHE,3993.48
002728.XSHE,355.83
002729.XSHE,181.69
002730.XSHE,371.71
002731.XSHE,1385.79
002732.XSHE,617.82
002733.XSHE,1406.85
002734.XSHE,751.33
002735.XSHE,313.9
002736.XSHE,12567.09
002737.XSHE,2220.54
002738.XSHE,286.53
002739.XSHE,7219.14
002740.XSHE,956.64
002741.XSHE,628.27
002742.XSHE,896.62
002743.XSHE,1401.55
002745.XSHE,3993.48
002746.XSHE,1093.91
002747.XSHE,510.42
002748.XSHE,761.89
002749.XSHE,422.1
002750.XSHE,196.26
002751.XSHE,355.62
002752.XSHE,988.81
002753.XSHE,900.71
002755.XSHE,265.44
002756.XSHE,2220.54
002757.XSHE,381.8
002758.XSHE,694.77
002759.XSHE,503.01
002760.XSHE,313.9
002761.XSHE,355.62
002762.XSHE,208.18
002763.XSHE,1156.23
002765.XSHE,647.9
002766.XSHE,633.57
002767.XSHE,196.26
002768.XSHE,886.06
002769.XSHE,2362.6
002770.XSHE,593.83
002771.XSHE,403.26
002772.XSHE,366.05
002773.XSHE,1448.12
002774.XSHE,408.05
002775.XSHE,1275.39
002776.XSHE,418.71
002777.XSHE,334.44
002778.XSHE,339.87
002779.XSHE,313.9
002780.XSHE,270.78
002781.XSHE,1702.43
002782.XSHE,505.63
002783.XSHE,667.78
002785.XSHE,489.88
002786.XSHE,1396.75
002787.XSHE,633.57
002788.XSHE,3952.21
002789.XSHE,1385.79
002790.XSHE,458.85
002791.XSHE,1448.12
002792.XSHE,845.26
002793.XSHE,515.72
002795.XSHE,318.69
002796.XSHE,313.9
002797.XSHE,984.96
002798.XSHE,313.9
002799.XSHE,313.9
002800.XSHE,583.74
002801.XSHE,323.99
002802.XSHE,208.18
002803.XSHE,489.88
002805.XSHE,196.26
002806.XSHE,313.9
002807.XSHE,1394.7
002809.XSHE,318.69
002810.XSHE,339.87
002811.XSHE,854.14
002812.XSHE,609.59
002813.XSHE,505.63
002815.XSHE,1654.19
002816.XSHE,286.53
002817.XSHE,196.26
002818.XSHE,533.89
002819.XSHE,387.5
002820.XSHE,323.99
002821.XSHE,674.84
002822.XSHE,1406.85
002823.XSHE,726.95
002824.XSHE,407.08
002825.XSHE,339.87
002826.XSHE,270.78
002827.XSHE,241.42
002828.XSHE,313.9
002829.XSHE,212.01
002830.XSHE,339.87
002831.XSHE,2781.43
002832.XSHE,580.04
002833.XSHE,422.1
002835.XSHE,329.65
002836.XSHE,196.26
002837.XSHE,344.66
002838.XSHE,533.58
002839.XSHE,1298.65
002840.XSHE,2321.34
002841.XSHE,3993.48
002842.XSHE,494.67
002843.XSHE,196.26
002845.XSHE,1702.43
002846.XSHE,270.78
002847.XSHE,392.3
002848.XSHE,505.63
002849.XSHE,313.9
002850.XSHE,845.26
002851.XSHE,647.9
002852.XSHE,1638.44
002853.XSHE,344.66
002855.XSHE,710.52
002856.XSHE,402.29
002857.XSHE,181.69
002858.XSHE,181.69
002859.XSHE,458.85
002860.XSHE,208.18
002861.XSHE,376.5
002862.XSHE,270.78
002863.XSHE,1228.82
002864.XSHE,203.39
002865.XSHE,539.24
002866.XSHE,318.69
002867.XSHE,1737.37
002868.XSHE,208.18
002869.XSHE,381.8
002870.XSHE,510.42
002871.XSHE,201.05
002872.XSHE,1198.64
002873.XSHE,371.71
002875.XSHE,528.28
002876.XSHE,403.26
002877.XSHE,196.26
002878.XSHE,392.3
002879.XSHE,346.07
002880.XSHE,359.63
002881.XSHE,329.65
002882.XSHE,973.06
002883.XSHE,196.26
002884.XSHE,519.86
002885.XSHE,544.03
002886.XSHE,339.87
002887.XSHE,381.35
002888.XSHE,196.26
002889.XSHE,4021.7
002890.XSHE,270.78
002891.XSHE,533.58
002892.XSHE,318.69
002893.XSHE,624.55
002895.XSHE,673.41
002896.XSHE,318.69
002897.XSHE,633.57
002898.XSHE,196.26
002900.XSHE,427.3
002901.XSHE,270.5
002902.XSHE,798.69
002903.XSHE,201.05
002905.XSHE,1156.23
002907.XSHE,318.69
002908.XSHE,203.39
002909.XSHE,339.87
002910.XSHE,344.66
002911.XSHE,2220.54
002912.XSHE,223.93
002913.XSHE,810.32
002915.XSHE,203.39
002916.XSHE,2977.13
002917.XSHE,208.18
002918.XSHE,1275.39
002919.XSHE,339.87
002920.XSHE,3273.55
002921.XSHE,313.9
002922.XSHE,604.28
002923.XSHE,408.05
002925.XSHE,1453.7
002926.XSHE,1282.33
002927.XSHE,196.26
200054.XSHE,599.49
200152.XSHE,8192.68
200160.XSHE,204.77
200168.XSHE,313.9
200468.XSHE,1104.87
200512.XSHE,865.1
200706.XSHE,1224.03
200771.XSHE,1696.1
200986.XSHE,1686.01
200992.XSHE,494.67
300001.XSHE,2715.84
300002.XSHE,1224.03
300003.XSHE,2344.19
300004.XSHE,433.74
300005.XSHE,1424.0
300006.XSHE,604.28
300007.XSHE,734.17
300008.XSHE,761.89
300009.XSHE,503.01
300010.XSHE,715.32
300011.XSHE,539.24
300012.XSHE,869.89
300013.XSHE,422.83
300014.XSHE,1448.12
300015.XSHE,2734.97
300016.XSHE,330.32
300017.XSHE,2734.97
300018.XSHE,212.01
300019.XSHE,387.5
300020.XSHE,1013.19
300021.XSHE,604.28
300022.XSHE,1686.01
300023.XSHE,323.99
300024.XSHE,1156.23
300025.XSHE,642.59
300026.XSHE,1654.19
300027.XSHE,1742.95
300028.XSHE,181.69
300029.XSHE,181.69
300030.XSHE,329.65
300031.XSHE,845.26
300032.XSHE,1737.37
300033.XSHE,601.58
300034.XSHE,408.05
300035.XSHE,208.18
300036.XSHE,505.63
300037.XSHE,896.62
300038.XSHE,1023.75
300039.XSHE,1023.75
300040.XSHE,823.88
300041.XSHE,810.32
300042.XSHE,523.49
300043.XSHE,1448.12
300044.XSHE,647.9
300045.XSHE,329.65
300046.XSHE,196.26
300047.XSHE,972.39
300048.XSHE,647.9
300049.XSHE,428.14
300050.XSHE,419.68
300051.XSHE,219.14
300052.XSHE,286.53
300053.XSHE,381.8
300054.XSHE,916.46
300055.XSHE,1156.23
300056.XSHE,355.62
300057.XSHE,1406.85
300058.XSHE,7213.56
300059.XSHE,590.6
300061.XSHE,916.46
300062.XSHE,387.17
300063.XSHE,2987.88
300064.XSHE,674.84
300065.XSHE,355.83
300066.XSHE,334.44
300067.XSHE,804.0
300068.XSHE,3993.48
300069.XSHE,196.26
300070.XSHE,2982.71
300071.XSHE,1686.01
300072.XSHE,12611.44
300073.XSHE,916.46
300074.XSHE,329.65
300075.XSHE,381.8
300076.XSHE,181.69
300077.XSHE,408.05
300078.XSHE,555.66
300079.XSHE,647.9
300080.XSHE,657.67
300081.XSHE,339.74
300082.XSHE,2718.84
300083.XSHE,3313.67
300084.XSHE,286.53
300085.XSHE,539.24
300086.XSHE,334.44
300087.XSHE,329.65
300088.XSHE,7213.56
300089.XSHE,313.9
300090.XSHE,855.35
300091.XSHE,654.22
300092.XSHE,196.26
300093.XSHE,329.65
300094.XSHE,1890.88
300095.XSHE,329.65
300096.XSHE,329.65
300097.XSHE,381.8
300098.XSHE,916.46
300099.XSHE,205.54
300100.XSHE,2220.54
300101.XSHE,291.33
300102.XSHE,674.84
300103.XSHE,203.39
300104.XSHE,5805.17
300105.XSHE,355.62
300106.XSHE,475.09
300107.XSHE,313.9
300108.XSHE,385.94
300109.XSHE,280.88
300110.XSHE,637.8
300111.XSHE,793.9
300112.XSHE,329.65
300113.XSHE,761.89
300114.XSHE,667.78
300115.XSHE,3999.06
300116.XSHE,6317.01
300117.XSHE,1228.82
300118.XSHE,6311.43
300119.XSHE,549.33
300120.XSHE,387.5
300121.XSHE,834.71
300122.XSHE,445.5
300123.XSHE,313.9
300124.XSHE,1931.4
300125.XSHE,181.69
300126.XSHE,313.9
300127.XSHE,322.15
300128.XSHE,1396.75
300129.XSHE,845.26
300130.XSHE,539.24
300131.XSHE,3393.75
300132.XSHE,408.05
300133.XSHE,1880.61
300134.XSHE,972.39
300135.XSHE,710.52
300136.XSHE,1659.77
300137.XSHE,428.14
300138.XSHE,1424.0
300139.XSHE,212.01
300140.XSHE,710.52
300141.XSHE,313.9
300142.XSHE,387.17
300143.XSHE,252.81
300144.XSHE,1659.77
300145.XSHE,1654.19
300146.XSHE,1659.77
300147.XSHE,1234.12
300148.XSHE,397.1
300149.XSHE,201.05
300150.XSHE,279.4
300151.XSHE,329.65
300152.XSHE,403.26
300153.XSHE,539.24
300154.XSHE,366.05
300155.XSHE,403.26
300156.XSHE,2226.12
300157.XSHE,1702.43
300158.XSHE,1737.37
300159.XSHE,590.6
300160.XSHE,845.26
300161.XSHE,505.63
300162.XSHE,355.62
300163.XSHE,403.26
300164.XSHE,371.41
300165.XSHE,334.44
300166.XSHE,650.85
300167.XSHE,329.65
300168.XSHE,869.89
300169.XSHE,505.63
300170.XSHE,1023.75
300171.XSHE,886.06
300172.XSHE,381.8
300173.XSHE,323.99
300174.XSHE,510.42
300175.XSHE,337.62
300176.XSHE,977.18
300177.XSHE,505.63
300178.XSHE,1654.19
300179.XSHE,201.05
300180.XSHE,1023.75
300181.XSHE,515.72
300182.XSHE,1848.21
300183.XSHE,437.86
300184.XSHE,3993.48
300185.XSHE,1654.19
300187.XSHE,720.62
300188.XSHE,490.84
300189.XSHE,793.9
300190.XSHE,615.91
300191.XSHE,181.69
300192.XSHE,313.9
300193.XSHE,434.46
300194.XSHE,1023.75
300195.XSHE,555.66
300196.XSHE,1023.75
300197.XSHE,2977.13
300198.XSHE,604.28
300199.XSHE,503.01
300200.XSHE,387.5
300201.XSHE,623.48
300202.XSHE,329.65
300203.XSHE,1023.75
300204.XSHE,845.26
300205.XSHE,1104.87
300206.XSHE,505.63
300207.XSHE,5787.45
300208.XSHE,916.46
300209.XSHE,355.62
300210.XSHE,270.78
300211.XSHE,181.69
300212.XSHE,1264.83
300213.XSHE,403.26
300214.XSHE,961.43
300215.XSHE,339.74
300216.XSHE,539.24
300217.XSHE,850.05
300218.XSHE,710.52
300219.XSHE,1737.37
300220.XSHE,181.69
300221.XSHE,1275.39
300222.XSHE,1023.75
300223.XSHE,205.54
300224.XSHE,505.63
300225.XSHE,403.26
300226.XSHE,29868.82
300227.XSHE,286.53
300228.XSHE,845.25
300229.XSHE,387.17
300230.XSHE,1448.12
300231.XSHE,412.38
300232.XSHE,1275.39
300233.XSHE,1275.39
300234.XSHE,212.01
300235.XSHE,181.69
300236.XSHE,334.44
300237.XSHE,1654.19
300238.XSHE,286.53
300239.XSHE,203.39
300240.XSHE,1690.8
300241.XSHE,845.25
300242.XSHE,1448.12
300243.XSHE,583.74
300244.XSHE,2362.6
300245.XSHE,291.33
300246.XSHE,360.75
300247.XSHE,544.03
300248.XSHE,355.62
300249.XSHE,505.63
300250.XSHE,212.01
300251.XSHE,1161.81
300252.XSHE,1156.23
300253.XSHE,556.99
300254.XSHE,505.63
300255.XSHE,640.3
300256.XSHE,2930.56
300257.XSHE,1152.07
300258.XSHE,650.85
300259.XSHE,334.44
300260.XSHE,403.26
300261.XSHE,604.28
300262.XSHE,896.62
300263.XSHE,539.24
300264.XSHE,205.54
300265.XSHE,798.69
300266.XSHE,1737.37
300267.XSHE,1659.77
300268.XSHE,181.69
300269.XSHE,1880.61
300270.XSHE,285.98
300271.XSHE,916.46
300272.XSHE,355.62
300273.XSHE,515.72
300274.XSHE,3999.06
300275.XSHE,270.78
300276.XSHE,215.57
300277.XSHE,181.69
300278.XSHE,1696.1
300279.XSHE,855.35
300280.XSHE,196.26
300281.XSHE,318.69
300282.XSHE,875.2
300283.XSHE,539.24
300284.XSHE,2729.39
300285.XSHE,650.85
300286.XSHE,229.23
300287.XSHE,916.46
300288.XSHE,291.33
300289.XSHE,339.74
300290.XSHE,286.53
300291.XSHE,875.2
300292.XSHE,1275.39
300293.XSHE,623.48
300294.XSHE,650.85
300295.XSHE,296.63
300296.XSHE,2734.97
300297.XSHE,1023.75
300298.XSHE,503.01
300299.XSHE,327.34
300300.XSHE,334.44
300301.XSHE,869.89
300302.XSHE,196.26
300303.XSHE,881.52
300304.XSHE,386.54
300305.XSHE,318.69
300306.XSHE,346.07
300307.XSHE,845.26
300308.XSHE,181.69
300309.XSHE,392.3
300310.XSHE,1156.23
300311.XSHE,549.33
300312.XSHE,329.65
300313.XSHE,181.69
300314.XSHE,201.05
300315.XSHE,916.46
300316.XSHE,896.62
300317.XSHE,2220.54
300318.XSHE,329.65
300319.XSHE,715.32
300320.XSHE,609.59
300321.XSHE,313.9
300322.XSHE,845.25
300323.XSHE,1275.39
300324.XSHE,1275.39
300325.XSHE,865.1
300326.XSHE,397.1
300327.XSHE,339.74
300328.XSHE,403.26
300329.XSHE,313.9
300330.XSHE,181.69
300331.XSHE,510.42
300332.XSHE,793.9
300333.XSHE,196.26
300334.XSHE,490.84
300335.XSHE,845.26
300336.XSHE,746.13
300337.XSHE,865.1
300338.XSHE,339.74
300339.XSHE,804.0
300340.XSHE,804.0
300341.XSHE,413.35
300342.XSHE,422.1
300343.XSHE,1156.23
300344.XSHE,286.53
300345.XSHE,196.26
300346.XSHE,181.69
300347.XSHE,845.26
300348.XSHE,403.26
300349.XSHE,689.16
300350.XSHE,428.14
300351.XSHE,615.91
300352.XSHE,286.53
300353.XSHE,408.05
300354.XSHE,181.69
300355.XSHE,2787.01
300356.XSHE,329.65
300357.XSHE,244.19
300358.XSHE,609.59
300359.XSHE,505.63
300360.XSHE,580.04
300361.XSHE,1275.39
300362.XSHE,505.63
300363.XSHE,647.9
300364.XSHE,329.65
300365.XSHE,339.74
300366.XSHE,609.59
300367.XSHE,845.26
300368.XSHE,329.65
300369.XSHE,490.84
300370.XSHE,387.17
300371.XSHE,181.69
300373.XSHE,761.89
300374.XSHE,523.49
300375.XSHE,633.57
300376.XSHE,3415.14
300377.XSHE,229.23
300378.XSHE,628.27
300379.XSHE,212.01
300380.XSHE,329.65
300381.XSHE,642.59
300382.XSHE,223.93
300383.XSHE,1925.82
300384.XSHE,213.48
300385.XSHE,408.05
300386.XSHE,505.63
300387.XSHE,318.69
300388.XSHE,982.48
300389.XSHE,539.24
300390.XSHE,403.26
300391.XSHE,334.44
300392.XSHE,793.9
300393.XSHE,1737.37
300394.XSHE,213.48
300395.XSHE,296.63
300396.XSHE,437.86
300397.XSHE,286.53
300398.XSHE,329.65
300399.XSHE,270.78
300400.XSHE,275.57
300401.XSHE,219.81
300402.XSHE,313.9
300403.XSHE,423.07
300404.XSHE,181.69
300405.XSHE,523.49
300406.XSHE,337.9
300407.XSHE,637.8
300408.XSHE,1453.7
300409.XSHE,434.46
300410.XSHE,640.3
300411.XSHE,203.39
300412.XSHE,265.44
300413.XSHE,1396.75
300414.XSHE,203.39
300415.XSHE,1023.75
300416.XSHE,329.65
300417.XSHE,181.69
300418.XSHE,1803.01
300419.XSHE,313.9
300420.XSHE,334.44
300421.XSHE,318.69
300422.XSHE,633.57
300423.XSHE,196.26
300424.XSHE,329.65
300425.XSHE,376.5
300426.XSHE,339.74
300427.XSHE,196.26
300428.XSHE,588.53
300429.XSHE,330.32
300430.XSHE,334.44
300431.XSHE,865.1
300432.XSHE,1198.64
300433.XSHE,8682.12
300434.XSHE,196.26
300435.XSHE,313.9
300436.XSHE,212.01
300437.XSHE,344.66
300438.XSHE,896.62
300439.XSHE,845.26
300440.XSHE,339.74
300441.XSHE,569.22
300442.XSHE,355.62
300443.XSHE,381.35
300444.XSHE,539.24
300445.XSHE,181.69
300446.XSHE,201.05
300447.XSHE,339.74
300448.XSHE,329.65
300449.XSHE,313.9
300450.XSHE,689.16
300451.XSHE,544.03
300452.XSHE,196.26
300453.XSHE,270.78
300455.XSHE,181.69
300456.XSHE,329.65
300457.XSHE,845.26
300458.XSHE,539.24
300459.XSHE,761.89
300460.XSHE,265.44
300461.XSHE,334.44
300462.XSHE,196.26
300463.XSHE,916.46
300464.XSHE,313.9
300465.XSHE,599.49
300466.XSHE,196.26
300467.XSHE,205.54
300468.XSHE,286.53
300469.XSHE,329.65
300470.XSHE,275.57
300471.XSHE,549.33
300472.XSHE,196.26
300473.XSHE,855.35
300474.XSHE,229.23
300475.XSHE,270.78
300476.XSHE,1156.23
300477.XSHE,642.72
300478.XSHE,313.9
300479.XSHE,196.26
300480.XSHE,181.69
300481.XSHE,318.69
300482.XSHE,503.01
300483.XSHE,313.9
300484.XSHE,346.07
300485.XSHE,266.94
300486.XSHE,355.96
300487.XSHE,280.88
300488.XSHE,201.05
300489.XSHE,181.69
300490.XSHE,329.65
300491.XSHE,181.69
300492.XSHE,181.69
300493.XSHE,854.14
300494.XSHE,208.18
300495.XSHE,916.46
300496.XSHE,549.33
300497.XSHE,590.6
300498.XSHE,27277.04
300499.XSHE,387.17
300500.XSHE,291.33
300501.XSHE,208.18
300502.XSHE,499.97
300503.XSHE,291.33
300505.XSHE,387.5
300506.XSHE,296.63
300507.XSHE,323.99
300508.XSHE,210.33
300509.XSHE,313.9
300510.XSHE,275.57
300511.XSHE,544.03
300512.XSHE,381.35
300513.XSHE,196.26
300514.XSHE,329.65
300515.XSHE,181.69
300516.XSHE,223.93
300517.XSHE,196.26
300518.XSHE,186.48
300519.XSHE,206.35
300520.XSHE,355.62
300521.XSHE,181.69
300522.XSHE,201.05
300523.XSHE,279.4
300525.XSHE,205.54
300526.XSHE,270.78
300527.XSHE,1156.23
300528.XSHE,804.0
300529.XSHE,353.99
300530.XSHE,181.69
300531.XSHE,270.78
300532.XSHE,270.78
300533.XSHE,291.28
300534.XSHE,196.26
300535.XSHE,196.26
300536.XSHE,270.78
300537.XSHE,196.26
300538.XSHE,523.49
300539.XSHE,313.9
300540.XSHE,196.26
300541.XSHE,403.26
300542.XSHE,329.65
300543.XSHE,544.03
300545.XSHE,313.9
300546.XSHE,212.01
300547.XSHE,318.69
300548.XSHE,208.18
300549.XSHE,318.69
300550.XSHE,212.01
300551.XSHE,181.69
300552.XSHE,329.65
300553.XSHE,181.69
300554.XSHE,181.69
300555.XSHE,270.78
300556.XSHE,329.65
300557.XSHE,181.69
300558.XSHE,590.6
300559.XSHE,181.69
300560.XSHE,270.78
300561.XSHE,186.48
300562.XSHE,505.63
300563.XSHE,196.26
300565.XSHE,355.62
300566.XSHE,355.62
300567.XSHE,365.71
300568.XSHE,302.96
300569.XSHE,366.05
300570.XSHE,323.99
300571.XSHE,412.38
300572.XSHE,223.93
300573.XSHE,223.93
300575.XSHE,720.62
300576.XSHE,203.39
300577.XSHE,549.33
300578.XSHE,196.26
300579.XSHE,291.33
300580.XSHE,339.74
300581.XSHE,181.69
300582.XSHE,403.26
300583.XSHE,339.87
300584.XSHE,208.18
300585.XSHE,275.57
300586.XSHE,270.78
300587.XSHE,216.8
300588.XSHE,387.5
300589.XSHE,313.9
300590.XSHE,201.05
300591.XSHE,313.9
300592.XSHE,313.9
300593.XSHE,286.53
300595.XSHE,206.35
300596.XSHE,633.57
300597.XSHE,196.26
300598.XSHE,329.65
300599.XSHE,642.59
300600.XSHE,296.63
300601.XSHE,555.66
300602.XSHE,544.03
300603.XSHE,494.67
300604.XSHE,181.69
300605.XSHE,196.26
300606.XSHE,196.26
300607.XSHE,355.83
300608.XSHE,329.65
300609.XSHE,181.69
300610.XSHE,392.3
300611.XSHE,270.78
300612.XSHE,275.57
300613.XSHE,229.23
300615.XSHE,196.26
300616.XSHE,2321.34
300617.XSHE,201.05
300618.XSHE,487.26
300619.XSHE,270.78
300620.XSHE,181.69
300621.XSHE,854.14
300622.XSHE,313.9
300623.XSHE,219.81
300624.XSHE,334.44
300625.XSHE,1023.75
300626.XSHE,402.29
300627.XSHE,329.65
300628.XSHE,674.3
300629.XSHE,196.26
300630.XSHE,216.8
300631.XSHE,196.26
300632.XSHE,313.9
300633.XSHE,434.46
300635.XSHE,270.78
300636.XSHE,201.05
300637.XSHE,270.78
300638.XSHE,270.78
300639.XSHE,291.33
300640.XSHE,313.9
300641.XSHE,652.03
300642.XSHE,201.05
300643.XSHE,265.44
300645.XSHE,212.01
300647.XSHE,196.26
300648.XSHE,196.26
300649.XSHE,181.69
300650.XSHE,196.26
300651.XSHE,196.26
300652.XSHE,318.69
300653.XSHE,181.69
300654.XSHE,196.26
300655.XSHE,313.9
300656.XSHE,181.69
300657.XSHE,875.2
300658.XSHE,360.75
300659.XSHE,205.54
300660.XSHE,1023.75
300661.XSHE,334.44
300662.XSHE,604.28
300663.XSHE,329.65
300664.XSHE,338.24
300665.XSHE,196.26
300666.XSHE,313.9
300667.XSHE,181.69
300668.XSHE,201.05
300669.XSHE,196.26
300670.XSHE,196.26
300671.XSHE,270.78
300672.XSHE,279.4
300673.XSHE,318.69
300675.XSHE,196.26
300676.XSHE,916.46
300677.XSHE,875.2
300678.XSHE,181.69
300679.XSHE,761.89
300680.XSHE,181.69
300681.XSHE,275.57
300682.XSHE,279.4
300683.XSHE,418.71
300685.XSHE,216.8
300686.XSHE,339.87
300687.XSHE,376.5
300688.XSHE,181.69
300689.XSHE,196.26
300690.XSHE,323.99
300692.XSHE,181.69
300693.XSHE,334.44
300695.XSHE,311.59
300696.XSHE,186.48
300697.XSHE,626.84
300698.XSHE,270.78
300699.XSHE,503.01
300700.XSHE,208.18
300701.XSHE,181.69
300702.XSHE,654.22
300703.XSHE,371.71
300705.XSHE,313.9
300706.XSHE,196.26
300707.XSHE,208.18
300708.XSHE,323.99
300709.XSHE,458.85
300710.XSHE,313.9
300711.XSHE,196.26
300712.XSHE,318.69
300713.XSHE,201.05
300715.XSHE,203.39
300716.XSHE,387.5
300717.XSHE,196.26
300718.XSHE,323.99
300719.XSHE,212.01
300720.XSHE,181.69
300721.XSHE,607.72
300722.XSHE,181.69
300723.XSHE,726.95
300725.XSHE,201.05
300726.XSHE,254.75
300727.XSHE,270.78
300728.XSHE,313.9
300729.XSHE,403.26
300730.XSHE,181.69
300731.XSHE,201.05
300732.XSHE,388.13
300733.XSHE,318.69
300735.XSHE,678.61
300736.XSHE,403.26
300737.XSHE,916.46
300738.XSHE,208.18
300739.XSHE,549.33
600000.XSHG,79853.97
600004.XSHG,3273.55
600006.XSHG,8658.47
600007.XSHG,1275.39
600008.XSHG,4274.32
600009.XSHG,4095.02
600010.XSHG,21616.76
600011.XSHG,73916.05
600012.XSHG,1659.77
600015.XSHG,34167.96
600016.XSHG,72227.99
600017.XSHG,2729.39
600018.XSHG,17978.54
600019.XSHG,182992.21
600020.XSHG,3257.8
600021.XSHG,8687.7
600022.XSHG,32007.4
600023.XSHG,24016.41
600025.XSHG,6638.84
600026.XSHG,5248.67
600027.XSHG,34092.46
600028.XSHG,1071848.69
600029.XSHG,57993.39
600030.XSHG,18565.89
600031.XSHG,20346.96
600033.XSHG,1265.22
600035.XSHG,1275.39
600036.XSHG,111800.8
600037.XSHG,1280.97
600038.XSHG,5787.45
600039.XSHG,13740.51
600048.XSHG,55378.88
600050.XSHG,141517.41
600051.XSHG,2321.34
600052.XSHG,279.29
600053.XSHG,397.1
600054.XSHG,845.26
600055.XSHG,408.05
600056.XSHG,14000.04
600057.XSHG,78355.77
600058.XSHG,29709.6
600059.XSHG,1023.75
600060.XSHG,13740.51
600061.XSHG,925.73
600062.XSHG,3273.55
600063.XSHG,2327.66
600064.XSHG,1659.77
600066.XSHG,9362.28
600067.XSHG,3999.06
600068.XSHG,55750.98
600069.XSHG,1479.94
600070.XSHG,916.46
600071.XSHG,490.84
600072.XSHG,1874.46
600073.XSHG,12457.55
600074.XSHG,2368.18
600075.XSHG,2344.19
600076.XSHG,845.26
600077.XSHG,710.52
600078.XSHG,1686.01
600079.XSHG,7219.14
600080.XSHG,387.5
600081.XSHG,2966.57
600082.XSHG,371.41
600083.XSHG,181.69
600084.XSHG,313.9
600085.XSHG,7317.16
600086.XSHG,4063.95
600088.XSHG,340.08
600089.XSHG,19168.2
600090.XSHG,5009.39
600091.XSHG,181.69
600093.XSHG,7135.83
600094.XSHG,2244.53
600095.XSHG,181.69
600096.XSHG,31349.12
600097.XSHG,845.25
600098.XSHG,10784.23
600099.XSHG,313.9
600100.XSHG,10362.55
600101.XSHG,798.69
600103.XSHG,1420.41
600104.XSHG,450382.4
600105.XSHG,1023.75
600106.XSHG,256.13
600107.XSHG,313.9
600108.XSHG,865.1
600109.XSHG,2458.03
600110.XSHG,1737.37
600111.XSHG,4063.95
600112.XSHG,490.84
600113.XSHG,209.56
600114.XSHG,916.46
600115.XSHG,47388.64
600116.XSHG,487.26
600117.XSHG,2730.07
600118.XSHG,2781.43
600119.XSHG,1686.01
600120.XSHG,3420.72
600121.XSHG,2982.71
600122.XSHG,8682.12
600123.XSHG,4027.47
600125.XSHG,5243.09
600126.XSHG,13606.37
600127.XSHG,1396.75
600128.XSHG,1686.01
600129.XSHG,4968.13
600130.XSHG,845.25
600131.XSHG,479.88
600132.XSHG,1737.37
600133.XSHG,2982.71
600135.XSHG,982.48
600136.XSHG,329.65
600137.XSHG,181.69
600138.XSHG,5228.32
600139.XSHG,322.52
600141.XSHG,8682.12
600143.XSHG,11414.59
600145.XSHG,181.69
600146.XSHG,982.48
600148.XSHG,505.63
600149.XSHG,181.69
600150.XSHG,8630.76
600151.XSHG,2775.77
600152.XSHG,355.62
600153.XSHG,81439.1
600155.XSHG,526.12
600156.XSHG,475.09
600157.XSHG,12365.52
600158.XSHG,505.63
600159.XSHG,329.65
600160.XSHG,6317.01
600161.XSHG,1029.33
600162.XSHG,2226.12
600163.XSHG,221.99
600165.XSHG,623.48
600166.XSHG,23065.43
600167.XSHG,1280.97
600168.XSHG,659.09
600169.XSHG,3262.3
600170.XSHG,77080.29
600171.XSHG,381.01
600172.XSHG,1654.19
600173.XSHG,845.26
600175.XSHG,3262.3
600176.XSHG,4069.53
600177.XSHG,6078.93
600178.XSHG,977.18
600179.XSHG,2729.39
600180.XSHG,17500.7
600182.XSHG,1690.8
600183.XSHG,5228.32
600184.XSHG,539.24
600185.XSHG,1654.19
600186.XSHG,865.1
600187.XSHG,329.65
600188.XSHG,81737.41
600189.XSHG,220.52
600190.XSHG,2233.97
600191.XSHG,313.9
600192.XSHG,972.39
600193.XSHG,181.69
600195.XSHG,1737.37
600196.XSHG,9177.25
600197.XSHG,900.71
600198.XSHG,3005.66
600199.XSHG,623.48
600200.XSHG,1884.55
600201.XSHG,763.26
600202.XSHG,272.16
600203.XSHG,4222.96
600206.XSHG,1879.25
600207.XSHG,972.39
600208.XSHG,4069.53
600209.XSHG,181.69
600210.XSHG,4279.9
600211.XSHG,499.97
600212.XSHG,204.77
600213.XSHG,865.1
600215.XSHG,205.54
600216.XSHG,2729.39
600217.XSHG,916.46
600218.XSHG,1834.04
600219.XSHG,8198.26
600220.XSHG,977.18
600221.XSHG,28517.56
600222.XSHG,539.24
600223.XSHG,2316.03
600225.XSHG,680.42
600226.XSHG,845.26
600227.XSHG,637.8
600228.XSHG,313.9
600229.XSHG,1023.75
600230.XSHG,2142.93
600231.XSHG,8687.7
600232.XSHG,583.74
600233.XSHG,8687.7
600234.XSHG,181.69
600235.XSHG,845.25
600236.XSHG,3953.37
600237.XSHG,505.63
600238.XSHG,505.63
600239.XSHG,3976.31
600240.XSHG,2982.71
600241.XSHG,599.49
600242.XSHG,966.73
600243.XSHG,539.24
600246.XSHG,982.48
600247.XSHG,598.21
600248.XSHG,1696.1
600249.XSHG,793.9
600250.XSHG,475.09
600251.XSHG,821.15
600252.XSHG,1029.33
600255.XSHG,2678.03
600256.XSHG,2767.88
600257.XSHG,505.63
600258.XSHG,4063.95
600259.XSHG,2730.07
600260.XSHG,8198.26
600261.XSHG,2729.39
600262.XSHG,339.87
600265.XSHG,181.69
600266.XSHG,4021.89
600267.XSHG,5759.74
600268.XSHG,2311.24
600269.XSHG,2344.19
600270.XSHG,2734.97
600271.XSHG,13825.99
600272.XSHG,539.24
600273.XSHG,2787.01
600275.XSHG,181.69
600276.XSHG,6721.08
600277.XSHG,7311.58
600278.XSHG,7554.31
600279.XSHG,3285.95
600280.XSHG,5009.39
600281.XSHG,387.5
600282.XSHG,17746.63
600283.XSHG,529.28
600284.XSHG,1023.75
600285.XSHG,916.46
600287.XSHG,2688.13
600288.XSHG,1224.03
600289.XSHG,715.32
600290.XSHG,793.9
600291.XSHG,35793.19
600291.XSHG,1006.4
600292.XSHG,1690.8
600293.XSHG,6311.43
600295.XSHG,10419.49
600297.XSHG,71037.44
600298.XSHG,2982.71
600299.XSHG,5228.32
600300.XSHG,2729.39
600301.XSHG,181.69
600302.XSHG,505.63
600303.XSHG,1955.39
600305.XSHG,845.26
600306.XSHG,556.99
600307.XSHG,20824.64
600308.XSHG,6311.43
600309.XSHG,26019.44
600310.XSHG,4017.38
600311.XSHG,204.77
600312.XSHG,4279.9
600313.XSHG,1874.46
600315.XSHG,2781.43
600316.XSHG,972.39
600317.XSHG,1925.82
600318.XSHG,318.7
600319.XSHG,956.64
600320.XSHG,10778.65
600321.XSHG,387.5
600322.XSHG,2244.53
600323.XSHG,2226.12
600325.XSHG,7317.16
600326.XSHG,1654.19
600327.XSHG,4274.32
600328.XSHG,1737.37
600329.XSHG,2977.13
600330.XSHG,1156.23
600331.XSHG,2220.54
600332.XSHG,11660.52
600333.XSHG,710.52
600335.XSHG,27827.25
600336.XSHG,2682.82
600337.XSHG,1925.82
600338.XSHG,1280.97
600339.XSHG,19967.7
600340.XSHG,24856.41
600343.XSHG,710.52
600345.XSHG,323.53
600346.XSHG,11420.17
600348.XSHG,14300.36
600350.XSHG,3437.19
600351.XSHG,1275.39
600352.XSHG,7742.09
600353.XSHG,544.03
600354.XSHG,431.4
600355.XSHG,295.05
600356.XSHG,715.32
600358.XSHG,181.69
600359.XSHG,845.25
600360.XSHG,715.32
600361.XSHG,6276.49
600362.XSHG,80778.52
600363.XSHG,1531.3
600365.XSHG,523.49
600366.XSHG,916.46
600367.XSHG,715.32
600368.XSHG,896.62
600369.XSHG,2740.76
600370.XSHG,528.28
600371.XSHG,204.77
600372.XSHG,2977.13
600373.XSHG,6317.01
600375.XSHG,3267.1
600376.XSHG,11420.17
600377.XSHG,5179.82
600378.XSHG,313.9
600379.XSHG,505.63
600380.XSHG,5793.03
600381.XSHG,252.7
600382.XSHG,263.26
600383.XSHG,13995.95
600385.XSHG,181.69
600386.XSHG,1879.25
600387.XSHG,5171.38
600388.XSHG,2977.13
600389.XSHG,1839.35
600390.XSHG,5314.47
600391.XSHG,977.18
600392.XSHG,2362.6
600393.XSHG,4039.52
600395.XSHG,2982.71
600396.XSHG,3262.3
600397.XSHG,1829.25
600398.XSHG,9733.66
600399.XSHG,2935.86
600400.XSHG,1742.95
600401.XSHG,1887.44
600403.XSHG,3415.14
600405.XSHG,539.24
600406.XSHG,4279.9
600408.XSHG,2678.03
600409.XSHG,10367.9
600410.XSHG,2729.39
600415.XSHG,8369.9
600416.XSHG,5176.17
600418.XSHG,27775.85
600419.XSHG,632.14
600420.XSHG,5014.97
600421.XSHG,181.69
600422.XSHG,2977.13
600423.XSHG,899.29
600425.XSHG,793.9
600426.XSHG,5228.32
600428.XSHG,3380.2
600429.XSHG,3267.1
600432.XSHG,1514.13
600433.XSHG,977.18
600435.XSHG,715.32
600436.XSHG,1803.01
600438.XSHG,11420.17
600439.XSHG,1023.75
600444.XSHG,329.65
600446.XSHG,1879.25
600448.XSHG,1381.0
600449.XSHG,2220.54
600452.XSHG,1023.75
600455.XSHG,181.69
600456.XSHG,1224.03
600458.XSHG,5736.08
600459.XSHG,7523.6
600460.XSHG,1437.56
600461.XSHG,1737.37
600462.XSHG,270.78
600463.XSHG,1114.96
600466.XSHG,6311.43
600467.XSHG,637.8
600468.XSHG,642.59
600469.XSHG,3942.12
600470.XSHG,2193.17
600475.XSHG,2729.39
600476.XSHG,181.69
600477.XSHG,2226.12
600478.XSHG,793.9
600479.XSHG,1696.1
600480.XSHG,6317.01
600481.XSHG,845.25
600482.XSHG,12371.09
600483.XSHG,2729.39
600485.XSHG,1848.21
600486.XSHG,2220.54
600487.XSHG,12371.09
600488.XSHG,1002.37
600489.XSHG,17506.28
600490.XSHG,1925.82
600491.XSHG,8682.12
600493.XSHG,387.5
600495.XSHG,710.52
600496.XSHG,2976.77
600497.XSHG,9362.28
600498.XSHG,10419.49
600499.XSHG,2729.39
600500.XSHG,26569.65
600501.XSHG,1147.27
600502.XSHG,13994.46
600503.XSHG,804.0
600505.XSHG,505.63
600506.XSHG,181.69
600507.XSHG,6317.01
600508.XSHG,3267.97
600509.XSHG,1925.82
600510.XSHG,3415.14
600511.XSHG,19046.25
600512.XSHG,1737.37
600513.XSHG,334.44
600515.XSHG,6018.1
600516.XSHG,1848.21
600517.XSHG,2708.01
600518.XSHG,14094.15
600519.XSHG,27554.31
600520.XSHG,196.26
600521.XSHG,2729.39
600522.XSHG,13605.4
600523.XSHG,1880.61
600525.XSHG,3267.97
600526.XSHG,1879.25
600527.XSHG,599.49
600528.XSHG,8198.26
600529.XSHG,1275.39
600530.XSHG,222.1
600531.XSHG,8187.89
600532.XSHG,490.84
600533.XSHG,1240.45
600535.XSHG,7427.43
600536.XSHG,2227.36
600537.XSHG,2678.03
600538.XSHG,313.9
600539.XSHG,181.69
600540.XSHG,778.15
600543.XSHG,196.26
600545.XSHG,793.9
600546.XSHG,23839.98
600547.XSHG,27827.25
600548.XSHG,2142.93
600549.XSHG,6317.01
600550.XSHG,1702.43
600551.XSHG,3993.48
600552.XSHG,1690.8
600555.XSHG,205.54
600556.XSHG,181.69
600557.XSHG,1737.37
600558.XSHG,972.39
600559.XSHG,1152.07
600560.XSHG,339.87
600561.XSHG,1690.8
600562.XSHG,458.85
600563.XSHG,896.62
600565.XSHG,2729.39
600566.XSHG,2982.71
600567.XSHG,7570.45
600568.XSHG,423.07
600569.XSHG,12314.15
600570.XSHG,1156.23
600571.XSHG,623.48
600572.XSHG,2710.98
600573.XSHG,371.41
600575.XSHG,5009.39
600576.XSHG,376.5
600577.XSHG,5787.45
600578.XSHG,5191.72
600579.XSHG,329.65
600580.XSHG,5222.74
600581.XSHG,7317.16
600582.XSHG,5793.03
600583.XSHG,4274.32
600584.XSHG,10755.0
600585.XSHG,30000.24
600586.XSHG,1925.82
600587.XSHG,4998.84
600588.XSHG,2311.24
600589.XSHG,720.62
600590.XSHG,1784.88
600592.XSHG,505.63
600593.XSHG,212.01
600594.XSHG,2220.54
600595.XSHG,6260.07
600596.XSHG,3993.48
600597.XSHG,11420.17
600598.XSHG,1659.77
600599.XSHG,329.65
600600.XSHG,16102.46
600601.XSHG,2311.24
600602.XSHG,1737.37
600603.XSHG,254.75
600604.XSHG,519.86
600605.XSHG,1208.28
600606.XSHG,134709.0
600608.XSHG,181.69
600609.XSHG,2678.03
600610.XSHG,355.96
600611.XSHG,1275.39
600612.XSHG,23427.19
600613.XSHG,798.69
600614.XSHG,1156.23
600615.XSHG,233.05
600616.XSHG,510.42
600617.XSHG,5209.18
600618.XSHG,3993.48
600619.XSHG,5787.45
600620.XSHG,215.63
600621.XSHG,491.18
600622.XSHG,1275.39
600623.XSHG,25990.93
600624.XSHG,408.05
600626.XSHG,4233.05
600628.XSHG,1659.77
600629.XSHG,2223.15
600630.XSHG,1879.25
600633.XSHG,1008.2
600634.XSHG,384.18
600635.XSHG,2729.39
600636.XSHG,2977.13
600637.XSHG,9277.77
600638.XSHG,1364.16
600639.XSHG,798.86
600640.XSHG,2729.39
600641.XSHG,1995.19
600642.XSHG,15963.54
600643.XSHG,531.7
600644.XSHG,982.48
600645.XSHG,510.42
600647.XSHG,181.69
600648.XSHG,3313.67
600649.XSHG,1659.77
600650.XSHG,1275.39
600651.XSHG,2729.39
600652.XSHG,216.8
600653.XSHG,2311.24
600654.XSHG,1686.01
600655.XSHG,9371.83
600657.XSHG,6311.43
600658.XSHG,346.07
600660.XSHG,8998.26
600661.XSHG,850.05
600662.XSHG,1879.25
600663.XSHG,6638.84
600664.XSHG,6317.01
600665.XSHG,1925.82
600666.XSHG,564.43
600667.XSHG,5787.45
600668.XSHG,1448.12
600671.XSHG,181.69
600673.XSHG,3415.14
600674.XSHG,547.79
600675.XSHG,4279.9
600676.XSHG,4274.32
600677.XSHG,6264.86
600678.XSHG,181.69
600679.XSHG,855.35
600680.XSHG,474.75
600681.XSHG,916.46
600682.XSHG,8192.68
600683.XSHG,2192.83
600684.XSHG,2734.97
600685.XSHG,10737.38
600686.XSHG,6260.07
600687.XSHG,4021.89
600688.XSHG,43896.61
600689.XSHG,607.72
600690.XSHG,86302.97
600691.XSHG,10737.38
600692.XSHG,699.56
600693.XSHG,1925.82
600694.XSHG,14000.04
600695.XSHG,181.69
600696.XSHG,181.69
600697.XSHG,7213.56
600698.XSHG,387.5
600699.XSHG,13740.51
600701.XSHG,1880.61
600702.XSHG,875.2
600703.XSHG,4270.31
600704.XSHG,86462.16
600705.XSHG,3102.5
600706.XSHG,549.33
600707.XSHG,387.17
600708.XSHG,6311.43
600710.XSHG,33914.31
600711.XSHG,7564.87
600712.XSHG,1104.87
600713.XSHG,13734.93
600714.XSHG,181.69
600715.XSHG,1453.7
600716.XSHG,489.88
600717.XSHG,7219.14
600718.XSHG,2958.27
600719.XSHG,539.24
600720.XSHG,2729.39
600721.XSHG,318.69
600722.XSHG,494.67
600723.XSHG,5243.09
600724.XSHG,1726.81
600725.XSHG,313.9
600726.XSHG,5009.39
600727.XSHG,313.9
600728.XSHG,1690.8
600729.XSHG,17506.28
600730.XSHG,359.63
600731.XSHG,710.52
600732.XSHG,611.33
600733.XSHG,181.69
600734.XSHG,2688.13
600735.XSHG,704.87
600736.XSHG,1738.16
600737.XSHG,8682.12
600738.XSHG,834.71
600739.XSHG,6317.01
600740.XSHG,2730.07
600741.XSHG,75637.64
600742.XSHG,6317.01
600743.XSHG,3999.06
600744.XSHG,3397.97
600745.XSHG,8309.82
600746.XSHG,412.38
600747.XSHG,181.69
600748.XSHG,2729.39
600749.XSHG,181.69
600750.XSHG,916.46
600751.XSHG,143068.2
600753.XSHG,181.69
600754.XSHG,6317.01
600755.XSHG,65500.24
600756.XSHG,539.24
600757.XSHG,5014.97
600758.XSHG,4069.53
600759.XSHG,1479.94
600760.XSHG,583.74
600761.XSHG,4063.95
600763.XSHG,590.6
600764.XSHG,201.05
600765.XSHG,2781.43
600766.XSHG,181.69
600767.XSHG,181.69
600768.XSHG,489.88
600769.XSHG,181.69
600770.XSHG,500.94
600771.XSHG,580.04
600773.XSHG,626.84
600774.XSHG,539.24
600775.XSHG,1839.35
600776.XSHG,1114.96
600777.XSHG,216.8
600778.XSHG,2971.46
600779.XSHG,916.46
600780.XSHG,2316.03
600781.XSHG,313.9
600782.XSHG,23427.19
600783.XSHG,263.37
600784.XSHG,793.9
600785.XSHG,3993.48
600787.XSHG,13600.8
600789.XSHG,1396.75
600790.XSHG,411.89
600791.XSHG,270.78
600792.XSHG,1898.45
600793.XSHG,570.06
600794.XSHG,403.26
600795.XSHG,28578.39
600796.XSHG,318.69
600797.XSHG,1275.39
600798.XSHG,801.8
600800.XSHG,205.54
600801.XSHG,9362.28
600802.XSHG,793.9
600803.XSHG,5009.39
600804.XSHG,4279.9
600805.XSHG,793.9
600806.XSHG,474.75
600807.XSHG,875.2
600808.XSHG,34621.71
600809.XSHG,3375.02
600810.XSHG,5759.74
600811.XSHG,3999.06
600812.XSHG,4017.38
600814.XSHG,2977.13
600815.XSHG,2362.6
600816.XSHG,2376.12
600816.XSHG,256.9
600817.XSHG,181.69
600818.XSHG,387.17
600819.XSHG,1686.01
600820.XSHG,12457.55
600821.XSHG,322.52
600822.XSHG,3262.3
600823.XSHG,10603.59
600824.XSHG,1156.23
600825.XSHG,710.52
600826.XSHG,1696.1
600827.XSHG,26569.65
600828.XSHG,6317.01
600829.XSHG,4063.95
600830.XSHG,604.28
600831.XSHG,1448.12
600833.XSHG,865.1
600834.XSHG,392.3
600835.XSHG,10281.75
600836.XSHG,539.24
600837.XSHG,13738.66
600838.XSHG,191.78
600839.XSHG,33914.31
600841.XSHG,1884.55
600843.XSHG,1737.37
600844.XSHG,633.57
600845.XSHG,2220.54
600846.XSHG,1696.1
600847.XSHG,270.78
600848.XSHG,1023.75
600850.XSHG,2977.13
600851.XSHG,549.33
600853.XSHG,2971.46
600854.XSHG,367.12
600855.XSHG,599.49
600856.XSHG,3420.72
600857.XSHG,523.49
600858.XSHG,7166.99
600859.XSHG,13606.37
600860.XSHG,599.49
600861.XSHG,1228.82
600862.XSHG,1880.61
600863.XSHG,5139.43
600864.XSHG,761.89
600865.XSHG,544.03
600866.XSHG,387.17
600867.XSHG,1280.97
600868.XSHG,247.62
600869.XSHG,8309.82
600870.XSHG,181.69
600871.XSHG,21135.12
600872.XSHG,1925.82
600873.XSHG,6317.01
600874.XSHG,1023.75
600875.XSHG,14214.88
600876.XSHG,348.58
600877.XSHG,499.94
600879.XSHG,5787.45
600880.XSHG,505.63
600881.XSHG,5208.14
600882.XSHG,505.63
600883.XSHG,186.48
600884.XSHG,4027.47
600885.XSHG,2982.71
600886.XSHG,14389.62
600887.XSHG,34013.54
600888.XSHG,2694.45
600889.XSHG,869.89
600890.XSHG,181.69
600891.XSHG,2966.57
600892.XSHG,196.26
600893.XSHG,8309.82
600894.XSHG,2362.6
600895.XSHG,574.85
600896.XSHG,205.54
600897.XSHG,880.86
600898.XSHG,637.8
600900.XSHG,20167.29
600903.XSHG,1448.12
600908.XSHG,1610.34
600909.XSHG,778.03
600917.XSHG,2977.13
600919.XSHG,15770.17
600926.XSHG,6560.03
600933.XSHG,1156.23
600936.XSHG,1198.64
600939.XSHG,21565.37
600958.XSHG,16186.42
600959.XSHG,4027.47
600960.XSHG,1275.39
600961.XSHG,7162.19
600962.XSHG,489.88
600963.XSHG,2718.84
600965.XSHG,632.14
600966.XSHG,4069.53
600967.XSHG,5009.39
600969.XSHG,1247.68
600970.XSHG,9362.28
600971.XSHG,3375.02
600973.XSHG,8274.88
600975.XSHG,869.89
600976.XSHG,1696.1
600977.XSHG,5014.97
600978.XSHG,3375.02
600979.XSHG,1023.75
600980.XSHG,313.9
600981.XSHG,13994.46
600982.XSHG,788.24
600983.XSHG,3363.78
600984.XSHG,804.0
600985.XSHG,428.14
600986.XSHG,3993.48
600987.XSHG,1654.19
600988.XSHG,1013.19
600990.XSHG,972.39
600992.XSHG,829.5
600993.XSHG,845.26
600995.XSHG,1156.23
600996.XSHG,1275.39
600997.XSHG,9356.7
600998.XSHG,36231.04
600999.XSHG,14577.82
601000.XSHG,2763.02
601001.XSHG,5228.32
601002.XSHG,1437.56
601003.XSHG,20824.64
601005.XSHG,5027.11
601006.XSHG,27022.96
601007.XSHG,515.72
601008.XSHG,637.8
601009.XSHG,13692.17
601010.XSHG,3993.48
601011.XSHG,1234.12
601012.XSHG,6403.16
601015.XSHG,5243.09
601016.XSHG,1023.75
601018.XSHG,9095.02
601019.XSHG,4027.47
601020.XSHG,270.5
601021.XSHG,5248.67
601028.XSHG,694.77
601038.XSHG,4222.96
601058.XSHG,7162.19
601069.XSHG,689.16
601086.XSHG,1702.43
601088.XSHG,119804.47
601098.XSHG,5228.32
601099.XSHG,460.91
601100.XSHG,1448.12
601101.XSHG,3273.55
601106.XSHG,4012.59
601107.XSHG,3375.02
601108.XSHG,2106.71
601111.XSHG,60048.95
601113.XSHG,1224.03
601116.XSHG,1884.55
601117.XSHG,26655.13
601118.XSHG,5770.28
601126.XSHG,1224.03
601127.XSHG,10419.49
601128.XSHG,3468.47
601137.XSHG,2781.43
601139.XSHG,5248.67
601155.XSHG,12750.36
601158.XSHG,2226.12
601163.XSHG,4063.95
601166.XSHG,70034.62
601168.XSHG,15717.61
601169.XSHG,26660.58
601177.XSHG,865.1
601179.XSHG,6317.01
601186.XSHG,298985.19
601188.XSHG,254.75
601198.XSHG,1943.45
601199.XSHG,689.16
601200.XSHG,1280.97
601206.XSHG,905.91
601208.XSHG,875.2
601211.XSHG,11432.96
601212.XSHG,27775.85
601216.XSHG,3953.37
601218.XSHG,715.32
601222.XSHG,1659.77
601225.XSHG,26150.66
601226.XSHG,2311.24
601228.XSHG,4069.53
601229.XSHG,14406.02
601231.XSHG,13606.37
601233.XSHG,14214.88
601238.XSHG,34408.19
601258.XSHG,31956.01
601288.XSHG,268489.02
601311.XSHG,3313.67
601318.XSHG,402872.5
601326.XSHG,3375.02
601328.XSHG,109523.95
601333.XSHG,8687.7
601336.XSHG,83991.74
601339.XSHG,3313.67
601366.XSHG,5787.45
601368.XSHG,689.16
601369.XSHG,1880.61
601375.XSHG,896.78
601377.XSHG,3297.12
601388.XSHG,2729.39
601390.XSHG,327540.97
601398.XSHG,358576.98
601500.XSHG,1839.35
601515.XSHG,1659.77
601518.XSHG,396.14
601519.XSHG,474.75
601555.XSHG,2083.09
601558.XSHG,2053.95
601566.XSHG,1275.39
601567.XSHG,2220.54
601579.XSHG,664.28
601588.XSHG,8315.4
601595.XSHG,650.85
601599.XSHG,1715.99
601600.XSHG,90951.12
601601.XSHG,232737.78
601607.XSHG,70863.09
601608.XSHG,2316.03
601611.XSHG,20824.64
601616.XSHG,387.17
601618.XSHG,107428.69
601619.XSHG,453.65
601628.XSHG,398566.62
601633.XSHG,43306.3
601636.XSHG,3999.06
601666.XSHG,10784.23
601668.XSHG,539441.56
601669.XSHG,120559.59
601677.XSHG,5009.39
601678.XSHG,3273.55
601688.XSHG,10106.69
601689.XSHG,2734.97
601699.XSHG,10367.9
601700.XSHG,1275.39
601717.XSHG,3415.14
601718.XSHG,13606.37
601727.XSHG,39564.89
601766.XSHG,83137.71
601777.XSHG,6311.43
601788.XSHG,8832.59
601789.XSHG,7213.56
601798.XSHG,329.65
601799.XSHG,2220.54
601800.XSHG,208314.5
601801.XSHG,3999.06
601808.XSHG,7294.41
601811.XSHG,3319.25
601818.XSHG,44651.03
601828.XSHG,5534.56
601838.XSHG,3885.3
601857.XSHG,995095.67
601858.XSHG,896.62
601866.XSHG,8369.9
601872.XSHG,3375.02
601877.XSHG,10367.9
601878.XSHG,1848.87
601880.XSHG,4274.32
601881.XSHG,10596.9
601882.XSHG,647.9
601886.XSHG,7213.56
601888.XSHG,13995.95
601890.XSHG,505.63
601898.XSHG,39402.43
601899.XSHG,40858.25
601900.XSHG,2244.53
601901.XSHG,3119.12
601908.XSHG,845.26
601918.XSHG,3415.14
601919.XSHG,43431.61
601928.XSHG,5793.03
601929.XSHG,1023.75
601933.XSHG,28378.65
601939.XSHG,326407.78
601949.XSHG,1834.04
601952.XSHG,1925.82
601958.XSHG,5736.08
601965.XSHG,1156.23
601966.XSHG,7219.14
601968.XSHG,2311.24
601969.XSHG,1228.82
601985.XSHG,17601.42
601988.XSHG,256083.05
601989.XSHG,20417.76
601991.XSHG,31582.73
601992.XSHG,31625.13
601996.XSHG,632.14
601997.XSHG,5120.58
601998.XSHG,76184.01
601999.XSHG,982.48
603000.XSHG,623.48
603001.XSHG,1737.37
603002.XSHG,583.74
603003.XSHG,8732.28
603005.XSHG,339.74
603006.XSHG,533.58
603007.XSHG,539.91
603008.XSHG,1275.39
603009.XSHG,544.03
603010.XSHG,810.32
603011.XSHG,403.26
603012.XSHG,640.3
603015.XSHG,422.83
603016.XSHG,291.33
603017.XSHG,615.91
603018.XSHG,1156.23
603019.XSHG,2327.66
603020.XSHG,1275.39
603021.XSHG,403.26
603022.XSHG,339.87
603023.XSHG,181.69
603025.XSHG,503.01
603026.XSHG,2729.39
603027.XSHG,555.66
603028.XSHG,313.9
603029.XSHG,181.69
603030.XSHG,1829.25
603031.XSHG,849.35
603032.XSHG,181.69
603033.XSHG,489.88
603035.XSHG,689.16
603036.XSHG,181.69
603037.XSHG,287.2
603038.XSHG,318.69
603039.XSHG,355.62
603040.XSHG,201.05
603041.XSHG,208.18
603042.XSHG,604.28
603043.XSHG,715.32
603050.XSHG,403.26
603055.XSHG,1448.12
603058.XSHG,201.05
603060.XSHG,381.8
603063.XSHG,469.4
603066.XSHG,318.69
603067.XSHG,609.59
603069.XSHG,642.59
603076.XSHG,510.42
603077.XSHG,2220.54
603078.XSHG,203.39
603079.XSHG,318.69
603080.XSHG,208.18
603081.XSHG,845.26
603083.XSHG,1228.82
603085.XSHG,329.65
603086.XSHG,647.9
603088.XSHG,196.26
603089.XSHG,510.42
603090.XSHG,203.39
603096.XSHG,487.26
603098.XSHG,845.26
603099.XSHG,181.69
603100.XSHG,1702.43
603101.XSHG,1696.1
603103.XSHG,1259.64
603106.XSHG,845.26
603108.XSHG,1903.72
603110.XSHG,270.78
603111.XSHG,1023.75
603113.XSHG,3273.55
603116.XSHG,1654.19
603117.XSHG,296.63
603118.XSHG,3993.48
603123.XSHG,2688.13
603126.XSHG,804.0
603127.XSHG,205.54
603128.XSHG,4063.95
603129.XSHG,875.2
603131.XSHG,360.75
603133.XSHG,313.9
603136.XSHG,229.23
603138.XSHG,313.9
603139.XSHG,196.26
603156.XSHG,4023.77
603157.XSHG,4274.32
603158.XSHG,428.14
603159.XSHG,339.87
603160.XSHG,1931.4
603161.XSHG,428.14
603165.XSHG,1023.75
603166.XSHG,751.33
603167.XSHG,829.51
603168.XSHG,458.85
603169.XSHG,1396.75
603177.XSHG,403.26
603178.XSHG,798.69
603179.XSHG,1737.37
603180.XSHG,628.27
603181.XSHG,804.0
603183.XSHG,286.53
603186.XSHG,804.0
603188.XSHG,1275.39
603189.XSHG,181.69
603196.XSHG,539.24
603197.XSHG,1023.75
603198.XSHG,1654.19
603199.XSHG,296.63
603200.XSHG,196.26
603203.XSHG,213.48
603208.XSHG,412.38
603218.XSHG,916.46
603222.XSHG,329.65
603223.XSHG,1690.8
603225.XSHG,10784.23
603226.XSHG,408.05
603227.XSHG,539.24
603228.XSHG,2220.54
603229.XSHG,181.69
603232.XSHG,205.54
603233.XSHG,3993.48
603238.XSHG,313.9
603239.XSHG,397.1
603258.XSHG,270.5
603260.XSHG,3273.55
603266.XSHG,428.14
603268.XSHG,313.9
603269.XSHG,313.9
603277.XSHG,761.89
603278.XSHG,865.77
603286.XSHG,196.26
603288.XSHG,7941.83
603289.XSHG,360.75
603298.XSHG,3993.48
603299.XSHG,1426.73
603300.XSHG,353.64
603302.XSHG,407.32
603303.XSHG,2220.54
603305.XSHG,381.35
603306.XSHG,469.4
603308.XSHG,804.0
603309.XSHG,334.44
603311.XSHG,323.99
603313.XSHG,1156.23
603315.XSHG,196.26
603316.XSHG,376.5
603318.XSHG,318.69
603319.XSHG,422.83
603320.XSHG,355.96
603321.XSHG,407.08
603322.XSHG,505.63
603323.XSHG,1739.53
603326.XSHG,403.26
603328.XSHG,1654.19
603329.XSHG,782.94
603330.XSHG,313.9
603331.XSHG,392.3
603333.XSHG,489.88
603335.XSHG,494.67
603336.XSHG,392.3
603337.XSHG,1654.19
603338.XSHG,674.84
603339.XSHG,434.46
603345.XSHG,1737.37
603355.XSHG,2729.39
603356.XSHG,318.69
603357.XSHG,674.84
603358.XSHG,1654.19
603359.XSHG,650.85
603360.XSHG,213.48
603363.XSHG,2321.34
603365.XSHG,1023.75
603366.XSHG,1254.01
603367.XSHG,1275.39
603368.XSHG,5009.39
603369.XSHG,1848.21
603377.XSHG,689.16
603378.XSHG,604.28
603380.XSHG,422.83
603383.XSHG,205.54
603385.XSHG,1448.12
603386.XSHG,505.63
603387.XSHG,270.5
603388.XSHG,334.44
603389.XSHG,329.65
603393.XSHG,487.26
603396.XSHG,334.44
603398.XSHG,196.26
603399.XSHG,1110.17
603416.XSHG,280.88
603421.XSHG,650.85
603429.XSHG,201.05
603444.XSHG,763.26
603456.XSHG,861.68
603458.XSHG,896.62
603466.XSHG,845.26
603477.XSHG,339.87
603488.XSHG,196.26
603496.XSHG,216.8
603499.XSHG,265.44
603500.XSHG,201.05
603501.XSHG,982.48
603505.XSHG,208.18
603506.XSHG,422.83
603507.XSHG,539.91
603508.XSHG,346.07
603515.XSHG,2977.13
603516.XSHG,201.05
603517.XSHG,1925.82
603518.XSHG,982.48
603519.XSHG,612.52
603520.XSHG,428.14
603527.XSHG,1979.32
603528.XSHG,339.74
603533.XSHG,861.68
603535.XSHG,549.33
603536.XSHG,403.26
603538.XSHG,334.44
603555.XSHG,1737.37
603556.XSHG,1448.12
603557.XSHG,674.84
603558.XSHG,549.33
603559.XSHG,313.9
603566.XSHG,339.74
603567.XSHG,1275.39
603568.XSHG,445.5
603569.XSHG,2362.6
603577.XSHG,387.5
603578.XSHG,203.39
603579.XSHG,916.46
603580.XSHG,181.69
603585.XSHG,845.26
603586.XSHG,845.26
603588.XSHG,888.75
603589.XSHG,1803.01
603595.XSHG,275.57
603598.XSHG,956.64
603599.XSHG,1448.12
603600.XSHG,855.35
603601.XSHG,275.57
603602.XSHG,313.9
603603.XSHG,1023.75
603605.XSHG,916.46
603606.XSHG,1104.87
603607.XSHG,318.69
603608.XSHG,896.62
603609.XSHG,6311.43
603611.XSHG,982.48
603612.XSHG,1654.19
603615.XSHG,360.75
603616.XSHG,355.62
603617.XSHG,360.75
603618.XSHG,1839.35
603619.XSHG,916.46
603626.XSHG,804.0
603628.XSHG,387.5
603630.XSHG,515.72
603633.XSHG,203.39
603636.XSHG,329.65
603637.XSHG,181.69
603638.XSHG,330.32
603639.XSHG,916.46
603648.XSHG,678.61
603655.XSHG,181.69
603656.XSHG,208.18
603658.XSHG,689.16
603659.XSHG,1023.75
603660.XSHG,726.95
603661.XSHG,1023.75
603663.XSHG,270.78
603665.XSHG,408.05
603667.XSHG,633.57
603668.XSHG,510.42
603669.XSHG,381.8
603676.XSHG,213.48
603677.XSHG,642.59
603678.XSHG,916.46
603679.XSHG,203.39
603680.XSHG,1275.39
603683.XSHG,403.26
603685.XSHG,412.38
603686.XSHG,1654.19
603688.XSHG,318.69
603689.XSHG,1391.1
603690.XSHG,203.39
603696.XSHG,196.26
603698.XSHG,761.89
603699.XSHG,1275.39
603701.XSHG,318.69
603703.XSHG,489.88
603707.XSHG,503.01
603708.XSHG,5787.45
603709.XSHG,407.08
603712.XSHG,647.9
603716.XSHG,392.3
603717.XSHG,422.83
603718.XSHG,216.8
603722.XSHG,196.26
603725.XSHG,505.63
603726.XSHG,647.9
603727.XSHG,469.4
603728.XSHG,875.23
603729.XSHG,489.88
603730.XSHG,1654.19
603737.XSHG,972.39
603738.XSHG,275.57
603757.XSHG,555.66
603758.XSHG,761.89
603766.XSHG,5228.32
603767.XSHG,510.42
603768.XSHG,982.48
603776.XSHG,533.58
603777.XSHG,1925.82
603778.XSHG,270.78
603779.XSHG,407.08
603787.XSHG,1224.03
603788.XSHG,689.16
603789.XSHG,422.83
603797.XSHG,186.48
603798.XSHG,553.47
603799.XSHG,3999.06
603800.XSHG,387.5
603801.XSHG,875.2
603803.XSHG,1145.67
603806.XSHG,2362.6
603808.XSHG,845.26
603809.XSHG,427.3
603811.XSHG,196.26
603813.XSHG,270.78
603816.XSHG,3273.55
603817.XSHG,213.48
603818.XSHG,916.46
603819.XSHG,355.96
603822.XSHG,489.88
603823.XSHG,804.0
603825.XSHG,3946.91
603826.XSHG,280.88
603828.XSHG,845.25
603829.XSHG,313.9
603833.XSHG,4027.47
603838.XSHG,313.9
603839.XSHG,689.16
603843.XSHG,622.05
603848.XSHG,539.91
603855.XSHG,628.27
603856.XSHG,654.22
603858.XSHG,6317.01
603859.XSHG,181.69
603860.XSHG,181.69
603861.XSHG,642.59
603866.XSHG,1925.82
603868.XSHG,1803.01
603869.XSHG,1023.75
603871.XSHG,1638.44
603877.XSHG,2977.13
603878.XSHG,720.62
603879.XSHG,313.9
603881.XSHG,280.88
603882.XSHG,1915.26
603883.XSHG,3415.14
603885.XSHG,6317.01
603886.XSHG,710.52
603887.XSHG,407.08
603888.XSHG,674.84
603889.XSHG,1275.39
603890.XSHG,875.23
603895.XSHG,275.57
603896.XSHG,208.18
603898.XSHG,845.26
603899.XSHG,2977.13
603900.XSHG,1023.75
603901.XSHG,628.27
603903.XSHG,270.78
603906.XSHG,647.9
603908.XSHG,360.75
603909.XSHG,270.23
603912.XSHG,275.57
603917.XSHG,318.69
603918.XSHG,313.9
603919.XSHG,845.26
603920.XSHG,1023.75
603922.XSHG,549.33
603926.XSHG,428.14
603928.XSHG,609.59
603929.XSHG,997.44
603933.XSHG,1013.19
603936.XSHG,798.69
603937.XSHG,588.53
603938.XSHG,593.83
603939.XSHG,2362.6
603955.XSHG,334.44
603958.XSHG,798.69
603959.XSHG,313.9
603960.XSHG,196.26
603963.XSHG,201.05
603966.XSHG,313.9
603968.XSHG,823.88
603969.XSHG,982.48
603970.XSHG,2305.58
603976.XSHG,318.69
603977.XSHG,334.44
603978.XSHG,533.58
603979.XSHG,1275.39
603980.XSHG,1275.39
603985.XSHG,397.6
603986.XSHG,1023.75
603987.XSHG,647.9
603988.XSHG,196.26
603989.XSHG,916.46
603990.XSHG,212.01
603991.XSHG,196.26
603993.XSHG,12750.36
603996.XSHG,2193.17
603997.XSHG,916.46
603998.XSHG,355.83
603999.XSHG,371.71
900929.XSHG,788.24
900939.XSHG,181.69
900948.XSHG,17946.37
900951.XSHG,489.88
900953.XSHG,2678.03
900956.XSHG,2179.27
900957.XSHG,181.69
900957.XSHG,181.69
900957.XSHG,181.69
